Site,Label,concepticonReference,Concepticon_Gloss
1,animal_1,619,ANIMAL
2,animal_10,619,ANIMAL
3,animal_11,619,ANIMAL
4,animal_12,619,ANIMAL
5,animal_13,619,ANIMAL
6,animal_14,619,ANIMAL
7,animal_15,619,ANIMAL
8,animal_16,619,ANIMAL
9,animal_17,619,ANIMAL
10,animal_18,619,ANIMAL
11,animal_19,619,ANIMAL
12,animal_2,619,ANIMAL
13,animal_20,619,ANIMAL
14,animal_21,619,ANIMAL
15,animal_22,619,ANIMAL
16,animal_23,619,ANIMAL
17,animal_24,619,ANIMAL
18,animal_25,619,ANIMAL
19,animal_26,619,ANIMAL
20,animal_27,619,ANIMAL
21,animal_28,619,ANIMAL
22,animal_29,619,ANIMAL
23,animal_3,619,ANIMAL
24,animal_30,619,ANIMAL
25,animal_31,619,ANIMAL
26,animal_32,619,ANIMAL
27,animal_4,619,ANIMAL
28,animal_5,619,ANIMAL
29,animal_6,619,ANIMAL
30,animal_7,619,ANIMAL
31,animal_8,619,ANIMAL
32,animal_9,619,ANIMAL
33,arm_1,1673,ARM
34,arm_10,1673,ARM
35,arm_11,1673,ARM
36,arm_12,1673,ARM
37,arm_13,1673,ARM
38,arm_14,1673,ARM
39,arm_15,1673,ARM
40,arm_16,1673,ARM
41,arm_17,1673,ARM
42,arm_18,1673,ARM
43,arm_19,1673,ARM
44,arm_2,1673,ARM
45,arm_20,1673,ARM
46,arm_21,1673,ARM
47,arm_22,1673,ARM
48,arm_23,1673,ARM
49,arm_24,1673,ARM
50,arm_25,1673,ARM
51,arm_26,1673,ARM
52,arm_27,1673,ARM
53,arm_3,1673,ARM
54,arm_4,1673,ARM
55,arm_5,1673,ARM
56,arm_6,1673,ARM
57,arm_7,1673,ARM
58,arm_8,1673,ARM
59,arm_9,1673,ARM
60,ashes_1,646,ASH
61,ashes_10,646,ASH
62,ashes_11,646,ASH
63,ashes_12,646,ASH
64,ashes_13,646,ASH
65,ashes_14,646,ASH
66,ashes_15,646,ASH
67,ashes_16,646,ASH
68,ashes_17,646,ASH
69,ashes_18,646,ASH
70,ashes_19,646,ASH
71,ashes_2,646,ASH
72,ashes_20,646,ASH
73,ashes_21,646,ASH
74,ashes_22,646,ASH
75,ashes_23,646,ASH
76,ashes_24,646,ASH
77,ashes_25,646,ASH
78,ashes_26,646,ASH
79,ashes_27,646,ASH
80,ashes_28,646,ASH
81,ashes_29,646,ASH
82,ashes_3,646,ASH
83,ashes_30,646,ASH
84,ashes_31,646,ASH
85,ashes_32,646,ASH
86,ashes_33,646,ASH
87,ashes_34,646,ASH
88,ashes_35,646,ASH
89,ashes_36,646,ASH
90,ashes_37,646,ASH
91,ashes_38,646,ASH
92,ashes_39,646,ASH
93,ashes_4,646,ASH
94,ashes_40,646,ASH
95,ashes_41,646,ASH
96,ashes_42,646,ASH
97,ashes_43,646,ASH
98,ashes_44,646,ASH
99,ashes_45,646,ASH
100,ashes_46,646,ASH
101,ashes_47,646,ASH
102,ashes_48,646,ASH
103,ashes_49,646,ASH
104,ashes_5,646,ASH
105,ashes_50,646,ASH
106,ashes_51,646,ASH
107,ashes_52,646,ASH
108,ashes_53,646,ASH
109,ashes_54,646,ASH
110,ashes_55,646,ASH
111,ashes_56,646,ASH
112,ashes_57,646,ASH
113,ashes_58,646,ASH
114,ashes_59,646,ASH
115,ashes_6,646,ASH
116,ashes_60,646,ASH
117,ashes_61,646,ASH
118,ashes_7,646,ASH
119,ashes_8,646,ASH
120,ashes_9,646,ASH
121,bark_1,1204,BARK
122,bark_10,1204,BARK
123,bark_11,1204,BARK
124,bark_12,1204,BARK
125,bark_13,1204,BARK
126,bark_14,1204,BARK
127,bark_15,1204,BARK
128,bark_16,1204,BARK
129,bark_17,1204,BARK
130,bark_18,1204,BARK
131,bark_19,1204,BARK
132,bark_2,1204,BARK
133,bark_20,1204,BARK
134,bark_21,1204,BARK
135,bark_22,1204,BARK
136,bark_23,1204,BARK
137,bark_24,1204,BARK
138,bark_25,1204,BARK
139,bark_26,1204,BARK
140,bark_27,1204,BARK
141,bark_28,1204,BARK
142,bark_29,1204,BARK
143,bark_3,1204,BARK
144,bark_30,1204,BARK
145,bark_31,1204,BARK
146,bark_32,1204,BARK
147,bark_33,1204,BARK
148,bark_34,1204,BARK
149,bark_35,1204,BARK
150,bark_36,1204,BARK
151,bark_37,1204,BARK
152,bark_38,1204,BARK
153,bark_39,1204,BARK
154,bark_4,1204,BARK
155,bark_40,1204,BARK
156,bark_41,1204,BARK
157,bark_42,1204,BARK
158,bark_43,1204,BARK
159,bark_44,1204,BARK
160,bark_45,1204,BARK
161,bark_46,1204,BARK
162,bark_47,1204,BARK
163,bark_48,1204,BARK
164,bark_49,1204,BARK
165,bark_5,1204,BARK
166,bark_50,1204,BARK
167,bark_51,1204,BARK
168,bark_52,1204,BARK
169,bark_53,1204,BARK
170,bark_54,1204,BARK
171,bark_55,1204,BARK
172,bark_56,1204,BARK
173,bark_57,1204,BARK
174,bark_58,1204,BARK
175,bark_59,1204,BARK
176,bark_6,1204,BARK
177,bark_60,1204,BARK
178,bark_61,1204,BARK
179,bark_62,1204,BARK
180,bark_63,1204,BARK
181,bark_64,1204,BARK
182,bark_65,1204,BARK
183,bark_66,1204,BARK
184,bark_67,1204,BARK
185,bark_68,1204,BARK
186,bark_69,1204,BARK
187,bark_7,1204,BARK
188,bark_70,1204,BARK
189,bark_71,1204,BARK
190,bark_72,1204,BARK
191,bark_8,1204,BARK
192,bark_9,1204,BARK
193,bed_1,1663,BED
194,bed_10,1663,BED
195,bed_11,1663,BED
196,bed_12,1663,BED
197,bed_13,1663,BED
198,bed_14,1663,BED
199,bed_15,1663,BED
200,bed_16,1663,BED
201,bed_17,1663,BED
202,bed_18,1663,BED
203,bed_19,1663,BED
204,bed_2,1663,BED
205,bed_20,1663,BED
206,bed_21,1663,BED
207,bed_22,1663,BED
208,bed_23,1663,BED
209,bed_24,1663,BED
210,bed_25,1663,BED
211,bed_26,1663,BED
212,bed_27,1663,BED
213,bed_28,1663,BED
214,bed_3,1663,BED
215,bed_30,1663,BED
216,bed_31,1663,BED
217,bed_32,1663,BED
218,bed_33,1663,BED
219,bed_34,1663,BED
220,bed_35,1663,BED
221,bed_36,1663,BED
222,bed_37,1663,BED
223,bed_38,1663,BED
224,bed_39,1663,BED
225,bed_4,1663,BED
226,bed_40,1663,BED
227,bed_41,1663,BED
228,bed_42,1663,BED
229,bed_43,1663,BED
230,bed_44,1663,BED
231,bed_45,1663,BED
232,bed_46,1663,BED
233,bed_47,1663,BED
234,bed_48,1663,BED
235,bed_49,1663,BED
236,bed_5,1663,BED
237,bed_6,1663,BED
238,bed_7,1663,BED
239,bed_8,1663,BED
240,bed_9,1663,BED
241,belly_1,1251,BELLY
242,belly_10,1251,BELLY
243,belly_11,1251,BELLY
244,belly_12,1251,BELLY
245,belly_13,1251,BELLY
246,belly_14,1251,BELLY
247,belly_15,1251,BELLY
248,belly_16,1251,BELLY
249,belly_17,1251,BELLY
250,belly_18,1251,BELLY
251,belly_19,1251,BELLY
252,belly_2,1251,BELLY
253,belly_20,1251,BELLY
254,belly_21,1251,BELLY
255,belly_22,1251,BELLY
256,belly_23,1251,BELLY
257,belly_24,1251,BELLY
258,belly_25,1251,BELLY
259,belly_26,1251,BELLY
260,belly_27,1251,BELLY
261,belly_28,1251,BELLY
262,belly_3,1251,BELLY
263,belly_30,1251,BELLY
264,belly_31,1251,BELLY
265,belly_32,1251,BELLY
266,belly_33,1251,BELLY
267,belly_34,1251,BELLY
268,belly_35,1251,BELLY
269,belly_36,1251,BELLY
270,belly_37,1251,BELLY
271,belly_38,1251,BELLY
272,belly_39,1251,BELLY
273,belly_4,1251,BELLY
274,belly_40,1251,BELLY
275,belly_41,1251,BELLY
276,belly_42,1251,BELLY
277,belly_43,1251,BELLY
278,belly_44,1251,BELLY
279,belly_45,1251,BELLY
280,belly_46,1251,BELLY
281,belly_47,1251,BELLY
282,belly_48,1251,BELLY
283,belly_49,1251,BELLY
284,belly_5,1251,BELLY
285,belly_50,1251,BELLY
286,belly_51,1251,BELLY
287,belly_52,1251,BELLY
288,belly_53,1251,BELLY
289,belly_6,1251,BELLY
290,belly_7,1251,BELLY
291,belly_8,1251,BELLY
292,belly_9,1251,BELLY
293,big_1,1202,BIG
294,big_10,1202,BIG
295,big_11,1202,BIG
296,big_12,1202,BIG
297,big_13,1202,BIG
298,big_14,1202,BIG
299,big_15,1202,BIG
300,big_16,1202,BIG
301,big_17,1202,BIG
302,big_18,1202,BIG
303,big_19,1202,BIG
304,big_2,1202,BIG
305,big_20,1202,BIG
306,big_21,1202,BIG
307,big_22,1202,BIG
308,big_23,1202,BIG
309,big_24,1202,BIG
310,big_25,1202,BIG
311,big_26,1202,BIG
312,big_27,1202,BIG
313,big_28,1202,BIG
314,big_29,1202,BIG
315,big_3,1202,BIG
316,big_30,1202,BIG
317,big_31,1202,BIG
318,big_32,1202,BIG
319,big_33,1202,BIG
320,big_34,1202,BIG
321,big_35,1202,BIG
322,big_36,1202,BIG
323,big_38,1202,BIG
324,big_39,1202,BIG
325,big_4,1202,BIG
326,big_40,1202,BIG
327,big_41,1202,BIG
328,big_42,1202,BIG
329,big_43,1202,BIG
330,big_44,1202,BIG
331,big_45,1202,BIG
332,big_46,1202,BIG
333,big_47,1202,BIG
334,big_48,1202,BIG
335,big_49,1202,BIG
336,big_5,1202,BIG
337,big_50,1202,BIG
338,big_51,1202,BIG
339,big_52,1202,BIG
340,big_53,1202,BIG
341,big_54,1202,BIG
342,big_55,1202,BIG
343,big_56,1202,BIG
344,big_57,1202,BIG
345,big_58,1202,BIG
346,big_59,1202,BIG
347,big_6,1202,BIG
348,big_60,1202,BIG
349,big_61,1202,BIG
350,big_62,1202,BIG
351,big_63,1202,BIG
352,big_64,1202,BIG
353,big_65,1202,BIG
354,big_66,1202,BIG
355,big_67,1202,BIG
356,big_68,1202,BIG
357,big_69,1202,BIG
358,big_7,1202,BIG
359,big_70,1202,BIG
360,big_8,1202,BIG
361,big_9,1202,BIG
362,bird_1,937,BIRD
363,bird_10,937,BIRD
364,bird_12,937,BIRD
365,bird_13,937,BIRD
366,bird_14,937,BIRD
367,bird_15,937,BIRD
368,bird_16,937,BIRD
369,bird_17,937,BIRD
370,bird_18,937,BIRD
371,bird_19,937,BIRD
372,bird_2,937,BIRD
373,bird_20,937,BIRD
374,bird_21,937,BIRD
375,bird_22,937,BIRD
376,bird_23,937,BIRD
377,bird_24,937,BIRD
378,bird_25,937,BIRD
379,bird_3,937,BIRD
380,bird_4,937,BIRD
381,bird_5,937,BIRD
382,bird_6,937,BIRD
383,bird_7,937,BIRD
384,bird_8,937,BIRD
385,bird_9,937,BIRD
386,bite_1,1403,BITE
387,bite_10,1403,BITE
388,bite_11,1403,BITE
389,bite_12,1403,BITE
390,bite_13,1403,BITE
391,bite_14,1403,BITE
392,bite_15,1403,BITE
393,bite_16,1403,BITE
394,bite_17,1403,BITE
395,bite_18,1403,BITE
396,bite_19,1403,BITE
397,bite_2,1403,BITE
398,bite_20,1403,BITE
399,bite_21,1403,BITE
400,bite_22,1403,BITE
401,bite_23,1403,BITE
402,bite_24,1403,BITE
403,bite_25,1403,BITE
404,bite_26,1403,BITE
405,bite_27,1403,BITE
406,bite_28,1403,BITE
407,bite_29,1403,BITE
408,bite_3,1403,BITE
409,bite_30,1403,BITE
410,bite_31,1403,BITE
411,bite_32,1403,BITE
412,bite_33,1403,BITE
413,bite_34,1403,BITE
414,bite_35,1403,BITE
415,bite_36,1403,BITE
416,bite_37,1403,BITE
417,bite_38,1403,BITE
418,bite_39,1403,BITE
419,bite_4,1403,BITE
420,bite_40,1403,BITE
421,bite_41,1403,BITE
422,bite_42,1403,BITE
423,bite_43,1403,BITE
424,bite_44,1403,BITE
425,bite_45,1403,BITE
426,bite_5,1403,BITE
427,bite_6,1403,BITE
428,bite_7,1403,BITE
429,bite_8,1403,BITE
430,bite_9,1403,BITE
431,blood_1,946,BLOOD
432,blood_10,946,BLOOD
433,blood_11,946,BLOOD
434,blood_12,946,BLOOD
435,blood_13,946,BLOOD
436,blood_14,946,BLOOD
437,blood_15,946,BLOOD
438,blood_16,946,BLOOD
439,blood_17,946,BLOOD
440,blood_18,946,BLOOD
441,blood_19,946,BLOOD
442,blood_2,946,BLOOD
443,blood_20,946,BLOOD
444,blood_21,946,BLOOD
445,blood_22,946,BLOOD
446,blood_23,946,BLOOD
447,blood_24,946,BLOOD
448,blood_25,946,BLOOD
449,blood_26,946,BLOOD
450,blood_27,946,BLOOD
451,blood_28,946,BLOOD
452,blood_29,946,BLOOD
453,blood_3,946,BLOOD
454,blood_30,946,BLOOD
455,blood_31,946,BLOOD
456,blood_32,946,BLOOD
457,blood_33,946,BLOOD
458,blood_34,946,BLOOD
459,blood_35,946,BLOOD
460,blood_36,946,BLOOD
461,blood_37,946,BLOOD
462,blood_38,946,BLOOD
463,blood_39,946,BLOOD
464,blood_4,946,BLOOD
465,blood_40,946,BLOOD
466,blood_41,946,BLOOD
467,blood_42,946,BLOOD
468,blood_43,946,BLOOD
469,blood_44,946,BLOOD
470,blood_45,946,BLOOD
471,blood_46,946,BLOOD
472,blood_47,946,BLOOD
473,blood_48,946,BLOOD
474,blood_5,946,BLOOD
475,blood_6,946,BLOOD
476,blood_7,946,BLOOD
477,blood_8,946,BLOOD
478,blood_9,946,BLOOD
479,bone_1,1394,BONE
480,bone_10,1394,BONE
481,bone_11,1394,BONE
482,bone_12,1394,BONE
483,bone_13,1394,BONE
484,bone_14,1394,BONE
485,bone_15,1394,BONE
486,bone_16,1394,BONE
487,bone_17,1394,BONE
488,bone_18,1394,BONE
489,bone_19,1394,BONE
490,bone_2,1394,BONE
491,bone_20,1394,BONE
492,bone_21,1394,BONE
493,bone_22,1394,BONE
494,bone_23,1394,BONE
495,bone_24,1394,BONE
496,bone_25,1394,BONE
497,bone_26,1394,BONE
498,bone_27,1394,BONE
499,bone_28,1394,BONE
500,bone_29,1394,BONE
501,bone_3,1394,BONE
502,bone_30,1394,BONE
503,bone_31,1394,BONE
504,bone_32,1394,BONE
505,bone_4,1394,BONE
506,bone_5,1394,BONE
507,bone_6,1394,BONE
508,bone_7,1394,BONE
509,bone_8,1394,BONE
510,bone_9,1394,BONE
511,breast_1,1402,BREAST
512,breast_10,1402,BREAST
513,breast_11,1402,BREAST
514,breast_12,1402,BREAST
515,breast_13,1402,BREAST
516,breast_14,1402,BREAST
517,breast_15,1402,BREAST
518,breast_16,1402,BREAST
519,breast_17,1402,BREAST
520,breast_18,1402,BREAST
521,breast_19,1402,BREAST
522,breast_2,1402,BREAST
523,breast_20,1402,BREAST
524,breast_21,1402,BREAST
525,breast_22,1402,BREAST
526,breast_23,1402,BREAST
527,breast_24,1402,BREAST
528,breast_3,1402,BREAST
529,breast_4,1402,BREAST
530,breast_5,1402,BREAST
531,breast_6,1402,BREAST
532,breast_7,1402,BREAST
533,breast_8,1402,BREAST
534,breast_9,1402,BREAST
535,burn_1,141,BURN (SOMETHING)
536,burn_10,141,BURN (SOMETHING)
537,burn_11,141,BURN (SOMETHING)
538,burn_12,141,BURN (SOMETHING)
539,burn_13,141,BURN (SOMETHING)
540,burn_14,141,BURN (SOMETHING)
541,burn_15,141,BURN (SOMETHING)
542,burn_16,141,BURN (SOMETHING)
543,burn_17,141,BURN (SOMETHING)
544,burn_18,141,BURN (SOMETHING)
545,burn_19,141,BURN (SOMETHING)
546,burn_2,141,BURN (SOMETHING)
547,burn_20,141,BURN (SOMETHING)
548,burn_21,141,BURN (SOMETHING)
549,burn_22,141,BURN (SOMETHING)
550,burn_23,141,BURN (SOMETHING)
551,burn_24,141,BURN (SOMETHING)
552,burn_25,141,BURN (SOMETHING)
553,burn_26,141,BURN (SOMETHING)
554,burn_27,141,BURN (SOMETHING)
555,burn_28,141,BURN (SOMETHING)
556,burn_29,141,BURN (SOMETHING)
557,burn_3,141,BURN (SOMETHING)
558,burn_30,141,BURN (SOMETHING)
559,burn_31,141,BURN (SOMETHING)
560,burn_32,141,BURN (SOMETHING)
561,burn_33,141,BURN (SOMETHING)
562,burn_34,141,BURN (SOMETHING)
563,burn_35,141,BURN (SOMETHING)
564,burn_36,141,BURN (SOMETHING)
565,burn_37,141,BURN (SOMETHING)
566,burn_38,141,BURN (SOMETHING)
567,burn_39,141,BURN (SOMETHING)
568,burn_4,141,BURN (SOMETHING)
569,burn_40,141,BURN (SOMETHING)
570,burn_41,141,BURN (SOMETHING)
571,burn_42,141,BURN (SOMETHING)
572,burn_43,141,BURN (SOMETHING)
573,burn_44,141,BURN (SOMETHING)
574,burn_45,141,BURN (SOMETHING)
575,burn_46,141,BURN (SOMETHING)
576,burn_47,141,BURN (SOMETHING)
577,burn_48,141,BURN (SOMETHING)
578,burn_49,141,BURN (SOMETHING)
579,burn_5,141,BURN (SOMETHING)
580,burn_50,141,BURN (SOMETHING)
581,burn_51,141,BURN (SOMETHING)
582,burn_52,141,BURN (SOMETHING)
583,burn_53,141,BURN (SOMETHING)
584,burn_54,141,BURN (SOMETHING)
585,burn_55,141,BURN (SOMETHING)
586,burn_6,141,BURN (SOMETHING)
587,burn_7,141,BURN (SOMETHING)
588,burn_8,141,BURN (SOMETHING)
589,burn_9,141,BURN (SOMETHING)
590,child_1,2099,CHILD
591,child_10,2099,CHILD
592,child_11,2099,CHILD
593,child_12,2099,CHILD
594,child_2,2099,CHILD
595,child_3,2099,CHILD
596,child_4,2099,CHILD
597,child_5,2099,CHILD
598,child_6,2099,CHILD
599,child_7,2099,CHILD
600,child_8,2099,CHILD
601,child_9,2099,CHILD
602,cloud_1,1489,CLOUD
603,cloud_10,1489,CLOUD
604,cloud_11,1489,CLOUD
605,cloud_12,1489,CLOUD
606,cloud_13,1489,CLOUD
607,cloud_14,1489,CLOUD
608,cloud_15,1489,CLOUD
609,cloud_16,1489,CLOUD
610,cloud_17,1489,CLOUD
611,cloud_18,1489,CLOUD
612,cloud_19,1489,CLOUD
613,cloud_2,1489,CLOUD
614,cloud_20,1489,CLOUD
615,cloud_21,1489,CLOUD
616,cloud_22,1489,CLOUD
617,cloud_23,1489,CLOUD
618,cloud_24,1489,CLOUD
619,cloud_25,1489,CLOUD
620,cloud_26,1489,CLOUD
621,cloud_27,1489,CLOUD
622,cloud_28,1489,CLOUD
623,cloud_29,1489,CLOUD
624,cloud_3,1489,CLOUD
625,cloud_30,1489,CLOUD
626,cloud_31,1489,CLOUD
627,cloud_32,1489,CLOUD
628,cloud_33,1489,CLOUD
629,cloud_34,1489,CLOUD
630,cloud_35,1489,CLOUD
631,cloud_36,1489,CLOUD
632,cloud_37,1489,CLOUD
633,cloud_38,1489,CLOUD
634,cloud_39,1489,CLOUD
635,cloud_4,1489,CLOUD
636,cloud_40,1489,CLOUD
637,cloud_41,1489,CLOUD
638,cloud_42,1489,CLOUD
639,cloud_43,1489,CLOUD
640,cloud_44,1489,CLOUD
641,cloud_45,1489,CLOUD
642,cloud_46,1489,CLOUD
643,cloud_47,1489,CLOUD
644,cloud_48,1489,CLOUD
645,cloud_49,1489,CLOUD
646,cloud_5,1489,CLOUD
647,cloud_50,1489,CLOUD
648,cloud_51,1489,CLOUD
649,cloud_52,1489,CLOUD
650,cloud_53,1489,CLOUD
651,cloud_54,1489,CLOUD
652,cloud_55,1489,CLOUD
653,cloud_56,1489,CLOUD
654,cloud_57,1489,CLOUD
655,cloud_58,1489,CLOUD
656,cloud_59,1489,CLOUD
657,cloud_6,1489,CLOUD
658,cloud_60,1489,CLOUD
659,cloud_61,1489,CLOUD
660,cloud_62,1489,CLOUD
661,cloud_63,1489,CLOUD
662,cloud_64,1489,CLOUD
663,cloud_65,1489,CLOUD
664,cloud_66,1489,CLOUD
665,cloud_67,1489,CLOUD
666,cloud_68,1489,CLOUD
667,cloud_69,1489,CLOUD
668,cloud_7,1489,CLOUD
669,cloud_70,1489,CLOUD
670,cloud_71,1489,CLOUD
671,cloud_72,1489,CLOUD
672,cloud_73,1489,CLOUD
673,cloud_74,1489,CLOUD
674,cloud_75,1489,CLOUD
675,cloud_76,1489,CLOUD
676,cloud_8,1489,CLOUD
677,cloud_9,1489,CLOUD
678,come_1,1446,COME
679,come_10,1446,COME
680,come_11,1446,COME
681,come_12,1446,COME
682,come_13,1446,COME
683,come_14,1446,COME
684,come_15,1446,COME
685,come_16,1446,COME
686,come_17,1446,COME
687,come_18,1446,COME
688,come_19,1446,COME
689,come_2,1446,COME
690,come_20,1446,COME
691,come_21,1446,COME
692,come_22,1446,COME
693,come_23,1446,COME
694,come_24,1446,COME
695,come_25,1446,COME
696,come_26,1446,COME
697,come_27,1446,COME
698,come_28,1446,COME
699,come_29,1446,COME
700,come_3,1446,COME
701,come_30,1446,COME
702,come_31,1446,COME
703,come_32,1446,COME
704,come_33,1446,COME
705,come_34,1446,COME
706,come_35,1446,COME
707,come_36,1446,COME
708,come_37,1446,COME
709,come_39,1446,COME
710,come_4,1446,COME
711,come_40,1446,COME
712,come_41,1446,COME
713,come_42,1446,COME
714,come_43,1446,COME
715,come_44,1446,COME
716,come_45,1446,COME
717,come_46,1446,COME
718,come_47,1446,COME
719,come_48,1446,COME
720,come_49,1446,COME
721,come_5,1446,COME
722,come_50,1446,COME
723,come_51,1446,COME
724,come_52,1446,COME
725,come_53,1446,COME
726,come_54,1446,COME
727,come_55,1446,COME
728,come_6,1446,COME
729,come_7,1446,COME
730,come_8,1446,COME
731,come_9,1446,COME
732,count_1,1420,COUNT
733,count_10,1420,COUNT
734,count_11,1420,COUNT
735,count_12,1420,COUNT
736,count_13,1420,COUNT
737,count_14,1420,COUNT
738,count_15,1420,COUNT
739,count_16,1420,COUNT
740,count_17,1420,COUNT
741,count_18,1420,COUNT
742,count_19,1420,COUNT
743,count_2,1420,COUNT
744,count_20,1420,COUNT
745,count_21,1420,COUNT
746,count_22,1420,COUNT
747,count_23,1420,COUNT
748,count_24,1420,COUNT
749,count_25,1420,COUNT
750,count_26,1420,COUNT
751,count_27,1420,COUNT
752,count_28,1420,COUNT
753,count_29,1420,COUNT
754,count_3,1420,COUNT
755,count_30,1420,COUNT
756,count_31,1420,COUNT
757,count_32,1420,COUNT
758,count_4,1420,COUNT
759,count_5,1420,COUNT
760,count_6,1420,COUNT
761,count_7,1420,COUNT
762,count_8,1420,COUNT
763,count_9,1420,COUNT
764,dew_1,1977,DEW
765,dew_10,1977,DEW
766,dew_11,1977,DEW
767,dew_12,1977,DEW
768,dew_13,1977,DEW
769,dew_14,1977,DEW
770,dew_15,1977,DEW
771,dew_16,1977,DEW
772,dew_17,1977,DEW
773,dew_18,1977,DEW
774,dew_19,1977,DEW
775,dew_2,1977,DEW
776,dew_20,1977,DEW
777,dew_21,1977,DEW
778,dew_22,1977,DEW
779,dew_23,1977,DEW
780,dew_24,1977,DEW
781,dew_25,1977,DEW
782,dew_26,1977,DEW
783,dew_27,1977,DEW
784,dew_28,1977,DEW
785,dew_29,1977,DEW
786,dew_3,1977,DEW
787,dew_30,1977,DEW
788,dew_31,1977,DEW
789,dew_32,1977,DEW
790,dew_33,1977,DEW
791,dew_34,1977,DEW
792,dew_35,1977,DEW
793,dew_36,1977,DEW
794,dew_37,1977,DEW
795,dew_38,1977,DEW
796,dew_39,1977,DEW
797,dew_4,1977,DEW
798,dew_40,1977,DEW
799,dew_41,1977,DEW
800,dew_42,1977,DEW
801,dew_43,1977,DEW
802,dew_44,1977,DEW
803,dew_45,1977,DEW
804,dew_46,1977,DEW
805,dew_47,1977,DEW
806,dew_48,1977,DEW
807,dew_49,1977,DEW
808,dew_5,1977,DEW
809,dew_50,1977,DEW
810,dew_51,1977,DEW
811,dew_52,1977,DEW
812,dew_53,1977,DEW
813,dew_54,1977,DEW
814,dew_55,1977,DEW
815,dew_56,1977,DEW
816,dew_57,1977,DEW
817,dew_58,1977,DEW
818,dew_59,1977,DEW
819,dew_6,1977,DEW
820,dew_60,1977,DEW
821,dew_61,1977,DEW
822,dew_62,1977,DEW
823,dew_63,1977,DEW
824,dew_7,1977,DEW
825,dew_8,1977,DEW
826,dew_9,1977,DEW
827,die_1,1494,DIE
828,die_10,1494,DIE
829,die_11,1494,DIE
830,die_12,1494,DIE
831,die_13,1494,DIE
832,die_14,1494,DIE
833,die_15,1494,DIE
834,die_16,1494,DIE
835,die_2,1494,DIE
836,die_3,1494,DIE
837,die_4,1494,DIE
838,die_5,1494,DIE
839,die_6,1494,DIE
840,die_7,1494,DIE
841,die_8,1494,DIE
842,die_9,1494,DIE
843,dog_1,2009,DOG
844,dog_10,2009,DOG
845,dog_11,2009,DOG
846,dog_12,2009,DOG
847,dog_13,2009,DOG
848,dog_14,2009,DOG
849,dog_15,2009,DOG
850,dog_16,2009,DOG
851,dog_17,2009,DOG
852,dog_18,2009,DOG
853,dog_19,2009,DOG
854,dog_2,2009,DOG
855,dog_20,2009,DOG
856,dog_21,2009,DOG
857,dog_22,2009,DOG
858,dog_23,2009,DOG
859,dog_24,2009,DOG
860,dog_25,2009,DOG
861,dog_26,2009,DOG
862,dog_27,2009,DOG
863,dog_28,2009,DOG
864,dog_29,2009,DOG
865,dog_3,2009,DOG
866,dog_4,2009,DOG
867,dog_5,2009,DOG
868,dog_6,2009,DOG
869,dog_7,2009,DOG
870,dog_8,2009,DOG
871,dog_9,2009,DOG
872,drink_1,1401,DRINK
873,drink_10,1401,DRINK
874,drink_11,1401,DRINK
875,drink_12,1401,DRINK
876,drink_13,1401,DRINK
877,drink_14,1401,DRINK
878,drink_15,1401,DRINK
879,drink_16,1401,DRINK
880,drink_17,1401,DRINK
881,drink_18,1401,DRINK
882,drink_19,1401,DRINK
883,drink_2,1401,DRINK
884,drink_20,1401,DRINK
885,drink_21,1401,DRINK
886,drink_22,1401,DRINK
887,drink_23,1401,DRINK
888,drink_24,1401,DRINK
889,drink_3,1401,DRINK
890,drink_4,1401,DRINK
891,drink_5,1401,DRINK
892,drink_6,1401,DRINK
893,drink_7,1401,DRINK
894,drink_8,1401,DRINK
895,drink_9,1401,DRINK
896,ear_1,1247,EAR
897,ear_10,1247,EAR
898,ear_11,1247,EAR
899,ear_12,1247,EAR
900,ear_13,1247,EAR
901,ear_14,1247,EAR
902,ear_15,1247,EAR
903,ear_16,1247,EAR
904,ear_17,1247,EAR
905,ear_18,1247,EAR
906,ear_19,1247,EAR
907,ear_2,1247,EAR
908,ear_20,1247,EAR
909,ear_21,1247,EAR
910,ear_3,1247,EAR
911,ear_4,1247,EAR
912,ear_5,1247,EAR
913,ear_6,1247,EAR
914,ear_7,1247,EAR
915,ear_8,1247,EAR
916,ear_9,1247,EAR
917,eat_1,1336,EAT
918,eat_2,1336,EAT
919,eat_3,1336,EAT
920,eat_4,1336,EAT
921,eat_5,1336,EAT
922,eat_6,1336,EAT
923,eat_7,1336,EAT
924,eat_8,1336,EAT
925,egg_1,744,EGG
926,egg_10,744,EGG
927,egg_11,744,EGG
928,egg_12,744,EGG
929,egg_13,744,EGG
930,egg_14,744,EGG
931,egg_15,744,EGG
932,egg_16,744,EGG
933,egg_17,744,EGG
934,egg_18,744,EGG
935,egg_19,744,EGG
936,egg_2,744,EGG
937,egg_20,744,EGG
938,egg_21,744,EGG
939,egg_22,744,EGG
940,egg_23,744,EGG
941,egg_24,744,EGG
942,egg_25,744,EGG
943,egg_26,744,EGG
944,egg_27,744,EGG
945,egg_28,744,EGG
946,egg_29,744,EGG
947,egg_3,744,EGG
948,egg_30,744,EGG
949,egg_31,744,EGG
950,egg_32,744,EGG
951,egg_33,744,EGG
952,egg_34,744,EGG
953,egg_35,744,EGG
954,egg_36,744,EGG
955,egg_37,744,EGG
956,egg_38,744,EGG
957,egg_39,744,EGG
958,egg_4,744,EGG
959,egg_40,744,EGG
960,egg_41,744,EGG
961,egg_5,744,EGG
962,egg_6,744,EGG
963,egg_7,744,EGG
964,egg_8,744,EGG
965,egg_9,744,EGG
966,elephant_1,1290,ELEPHANT
967,elephant_10,1290,ELEPHANT
968,elephant_11,1290,ELEPHANT
969,elephant_12,1290,ELEPHANT
970,elephant_13,1290,ELEPHANT
971,elephant_2,1290,ELEPHANT
972,elephant_3,1290,ELEPHANT
973,elephant_4,1290,ELEPHANT
974,elephant_5,1290,ELEPHANT
975,elephant_6,1290,ELEPHANT
976,elephant_7,1290,ELEPHANT
977,elephant_9,1290,ELEPHANT
978,eye_1,1248,EYE
979,eye_10,1248,EYE
980,eye_11,1248,EYE
981,eye_12,1248,EYE
982,eye_2,1248,EYE
983,eye_3,1248,EYE
984,eye_4,1248,EYE
985,eye_5,1248,EYE
986,eye_6,1248,EYE
987,eye_7,1248,EYE
988,eye_8,1248,EYE
989,eye_9,1248,EYE
990,face_1,1560,FACE
991,face_10,1560,FACE
992,face_11,1560,FACE
993,face_12,1560,FACE
994,face_13,1560,FACE
995,face_14,1560,FACE
996,face_15,1560,FACE
997,face_16,1560,FACE
998,face_17,1560,FACE
999,face_18,1560,FACE
1000,face_19,1560,FACE
1001,face_2,1560,FACE
1002,face_20,1560,FACE
1003,face_21,1560,FACE
1004,face_22,1560,FACE
1005,face_23,1560,FACE
1006,face_24,1560,FACE
1007,face_25,1560,FACE
1008,face_26,1560,FACE
1009,face_27,1560,FACE
1010,face_28,1560,FACE
1011,face_29,1560,FACE
1012,face_3,1560,FACE
1013,face_30,1560,FACE
1014,face_31,1560,FACE
1015,face_32,1560,FACE
1016,face_33,1560,FACE
1017,face_4,1560,FACE
1018,face_5,1560,FACE
1019,face_6,1560,FACE
1020,face_7,1560,FACE
1021,face_8,1560,FACE
1022,face_9,1560,FACE
1023,fall_1,1280,FALL
1024,fall_10,1280,FALL
1025,fall_11,1280,FALL
1026,fall_12,1280,FALL
1027,fall_13,1280,FALL
1028,fall_14,1280,FALL
1029,fall_15,1280,FALL
1030,fall_16,1280,FALL
1031,fall_17,1280,FALL
1032,fall_18,1280,FALL
1033,fall_19,1280,FALL
1034,fall_2,1280,FALL
1035,fall_20,1280,FALL
1036,fall_21,1280,FALL
1037,fall_22,1280,FALL
1038,fall_23,1280,FALL
1039,fall_24,1280,FALL
1040,fall_25,1280,FALL
1041,fall_26,1280,FALL
1042,fall_27,1280,FALL
1043,fall_28,1280,FALL
1044,fall_29,1280,FALL
1045,fall_3,1280,FALL
1046,fall_30,1280,FALL
1047,fall_31,1280,FALL
1048,fall_4,1280,FALL
1049,fall_5,1280,FALL
1050,fall_6,1280,FALL
1051,fall_7,1280,FALL
1052,fall_8,1280,FALL
1053,fall_9,1280,FALL
1054,fatoil_1,2551,ORGANIC FAT OR OIL
1055,fatoil_10,2551,ORGANIC FAT OR OIL
1056,fatoil_11,2551,ORGANIC FAT OR OIL
1057,fatoil_12,2551,ORGANIC FAT OR OIL
1058,fatoil_13,2551,ORGANIC FAT OR OIL
1059,fatoil_14,2551,ORGANIC FAT OR OIL
1060,fatoil_15,2551,ORGANIC FAT OR OIL
1061,fatoil_16,2551,ORGANIC FAT OR OIL
1062,fatoil_17,2551,ORGANIC FAT OR OIL
1063,fatoil_18,2551,ORGANIC FAT OR OIL
1064,fatoil_19,2551,ORGANIC FAT OR OIL
1065,fatoil_2,2551,ORGANIC FAT OR OIL
1066,fatoil_20,2551,ORGANIC FAT OR OIL
1067,fatoil_21,2551,ORGANIC FAT OR OIL
1068,fatoil_22,2551,ORGANIC FAT OR OIL
1069,fatoil_23,2551,ORGANIC FAT OR OIL
1070,fatoil_24,2551,ORGANIC FAT OR OIL
1071,fatoil_25,2551,ORGANIC FAT OR OIL
1072,fatoil_26,2551,ORGANIC FAT OR OIL
1073,fatoil_27,2551,ORGANIC FAT OR OIL
1074,fatoil_3,2551,ORGANIC FAT OR OIL
1075,fatoil_4,2551,ORGANIC FAT OR OIL
1076,fatoil_5,2551,ORGANIC FAT OR OIL
1077,fatoil_6,2551,ORGANIC FAT OR OIL
1078,fatoil_7,2551,ORGANIC FAT OR OIL
1079,fatoil_8,2551,ORGANIC FAT OR OIL
1080,fatoil_9,2551,ORGANIC FAT OR OIL
1081,feather_1,1201,FEATHER
1082,feather_10,1201,FEATHER
1083,feather_11,1201,FEATHER
1084,feather_12,1201,FEATHER
1085,feather_13,1201,FEATHER
1086,feather_14,1201,FEATHER
1087,feather_15,1201,FEATHER
1088,feather_16,1201,FEATHER
1089,feather_17,1201,FEATHER
1090,feather_18,1201,FEATHER
1091,feather_19,1201,FEATHER
1092,feather_2,1201,FEATHER
1093,feather_20,1201,FEATHER
1094,feather_21,1201,FEATHER
1095,feather_22,1201,FEATHER
1096,feather_23,1201,FEATHER
1097,feather_24,1201,FEATHER
1098,feather_25,1201,FEATHER
1099,feather_26,1201,FEATHER
1100,feather_27,1201,FEATHER
1101,feather_28,1201,FEATHER
1102,feather_29,1201,FEATHER
1103,feather_3,1201,FEATHER
1104,feather_30,1201,FEATHER
1105,feather_31,1201,FEATHER
1106,feather_32,1201,FEATHER
1107,feather_33,1201,FEATHER
1108,feather_34,1201,FEATHER
1109,feather_35,1201,FEATHER
1110,feather_36,1201,FEATHER
1111,feather_37,1201,FEATHER
1112,feather_38,1201,FEATHER
1113,feather_39,1201,FEATHER
1114,feather_4,1201,FEATHER
1115,feather_40,1201,FEATHER
1116,feather_41,1201,FEATHER
1117,feather_42,1201,FEATHER
1118,feather_43,1201,FEATHER
1119,feather_44,1201,FEATHER
1120,feather_45,1201,FEATHER
1121,feather_46,1201,FEATHER
1122,feather_47,1201,FEATHER
1123,feather_48,1201,FEATHER
1124,feather_49,1201,FEATHER
1125,feather_5,1201,FEATHER
1126,feather_50,1201,FEATHER
1127,feather_51,1201,FEATHER
1128,feather_52,1201,FEATHER
1129,feather_53,1201,FEATHER
1130,feather_54,1201,FEATHER
1131,feather_55,1201,FEATHER
1132,feather_56,1201,FEATHER
1133,feather_57,1201,FEATHER
1134,feather_58,1201,FEATHER
1135,feather_59,1201,FEATHER
1136,feather_6,1201,FEATHER
1137,feather_60,1201,FEATHER
1138,feather_61,1201,FEATHER
1139,feather_62,1201,FEATHER
1140,feather_63,1201,FEATHER
1141,feather_64,1201,FEATHER
1142,feather_65,1201,FEATHER
1143,feather_66,1201,FEATHER
1144,feather_67,1201,FEATHER
1145,feather_68,1201,FEATHER
1146,feather_69,1201,FEATHER
1147,feather_7,1201,FEATHER
1148,feather_8,1201,FEATHER
1149,feather_9,1201,FEATHER
1150,fingernail_1,1258,FINGERNAIL
1151,fingernail_10,1258,FINGERNAIL
1152,fingernail_11,1258,FINGERNAIL
1153,fingernail_12,1258,FINGERNAIL
1154,fingernail_13,1258,FINGERNAIL
1155,fingernail_14,1258,FINGERNAIL
1156,fingernail_15,1258,FINGERNAIL
1157,fingernail_16,1258,FINGERNAIL
1158,fingernail_17,1258,FINGERNAIL
1159,fingernail_18,1258,FINGERNAIL
1160,fingernail_19,1258,FINGERNAIL
1161,fingernail_2,1258,FINGERNAIL
1162,fingernail_20,1258,FINGERNAIL
1163,fingernail_21,1258,FINGERNAIL
1164,fingernail_22,1258,FINGERNAIL
1165,fingernail_23,1258,FINGERNAIL
1166,fingernail_24,1258,FINGERNAIL
1167,fingernail_25,1258,FINGERNAIL
1168,fingernail_26,1258,FINGERNAIL
1169,fingernail_27,1258,FINGERNAIL
1170,fingernail_28,1258,FINGERNAIL
1171,fingernail_3,1258,FINGERNAIL
1172,fingernail_30,1258,FINGERNAIL
1173,fingernail_31,1258,FINGERNAIL
1174,fingernail_32,1258,FINGERNAIL
1175,fingernail_33,1258,FINGERNAIL
1176,fingernail_34,1258,FINGERNAIL
1177,fingernail_35,1258,FINGERNAIL
1178,fingernail_36,1258,FINGERNAIL
1179,fingernail_37,1258,FINGERNAIL
1180,fingernail_38,1258,FINGERNAIL
1181,fingernail_39,1258,FINGERNAIL
1182,fingernail_4,1258,FINGERNAIL
1183,fingernail_40,1258,FINGERNAIL
1184,fingernail_41,1258,FINGERNAIL
1185,fingernail_42,1258,FINGERNAIL
1186,fingernail_43,1258,FINGERNAIL
1187,fingernail_44,1258,FINGERNAIL
1188,fingernail_45,1258,FINGERNAIL
1189,fingernail_46,1258,FINGERNAIL
1190,fingernail_47,1258,FINGERNAIL
1191,fingernail_48,1258,FINGERNAIL
1192,fingernail_49,1258,FINGERNAIL
1193,fingernail_5,1258,FINGERNAIL
1194,fingernail_50,1258,FINGERNAIL
1195,fingernail_51,1258,FINGERNAIL
1196,fingernail_52,1258,FINGERNAIL
1197,fingernail_53,1258,FINGERNAIL
1198,fingernail_54,1258,FINGERNAIL
1199,fingernail_55,1258,FINGERNAIL
1200,fingernail_56,1258,FINGERNAIL
1201,fingernail_57,1258,FINGERNAIL
1202,fingernail_58,1258,FINGERNAIL
1203,fingernail_59,1258,FINGERNAIL
1204,fingernail_6,1258,FINGERNAIL
1205,fingernail_60,1258,FINGERNAIL
1206,fingernail_61,1258,FINGERNAIL
1207,fingernail_62,1258,FINGERNAIL
1208,fingernail_63,1258,FINGERNAIL
1209,fingernail_64,1258,FINGERNAIL
1210,fingernail_65,1258,FINGERNAIL
1211,fingernail_66,1258,FINGERNAIL
1212,fingernail_7,1258,FINGERNAIL
1213,fingernail_8,1258,FINGERNAIL
1214,fingernail_9,1258,FINGERNAIL
1215,firewood_1,221,FIRE
1216,firewood_10,221,FIRE
1217,firewood_11,221,FIRE
1218,firewood_12,221,FIRE
1219,firewood_13,221,FIRE
1220,firewood_14,221,FIRE
1221,firewood_15,221,FIRE
1222,firewood_16,221,FIRE
1223,firewood_17,221,FIRE
1224,firewood_18,221,FIRE
1225,firewood_19,221,FIRE
1226,firewood_2,221,FIRE
1227,firewood_20,221,FIRE
1228,firewood_21,221,FIRE
1229,firewood_22,221,FIRE
1230,firewood_23,221,FIRE
1231,firewood_24,221,FIRE
1232,firewood_25,221,FIRE
1233,firewood_26,221,FIRE
1234,firewood_27,221,FIRE
1235,firewood_28,221,FIRE
1236,firewood_29,221,FIRE
1237,firewood_3,221,FIRE
1238,firewood_30,221,FIRE
1239,firewood_31,221,FIRE
1240,firewood_32,221,FIRE
1241,firewood_33,221,FIRE
1242,firewood_34,221,FIRE
1243,firewood_35,221,FIRE
1244,firewood_36,221,FIRE
1245,firewood_37,221,FIRE
1246,firewood_4,221,FIRE
1247,firewood_5,221,FIRE
1248,firewood_6,221,FIRE
1249,firewood_7,221,FIRE
1250,firewood_8,221,FIRE
1251,firewood_9,221,FIRE
1252,fire_1,221,FIRE
1253,fire_10,221,FIRE
1254,fire_11,221,FIRE
1255,fire_12,221,FIRE
1256,fire_13,221,FIRE
1257,fire_14,221,FIRE
1258,fire_15,221,FIRE
1259,fire_16,221,FIRE
1260,fire_17,221,FIRE
1261,fire_18,221,FIRE
1262,fire_19,221,FIRE
1263,fire_2,221,FIRE
1264,fire_20,221,FIRE
1265,fire_21,221,FIRE
1266,fire_22,221,FIRE
1267,fire_23,221,FIRE
1268,fire_24,221,FIRE
1269,fire_25,221,FIRE
1270,fire_26,221,FIRE
1271,fire_27,221,FIRE
1272,fire_28,221,FIRE
1273,fire_29,221,FIRE
1274,fire_3,221,FIRE
1275,fire_30,221,FIRE
1276,fire_31,221,FIRE
1277,fire_32,221,FIRE
1278,fire_33,221,FIRE
1279,fire_34,221,FIRE
1280,fire_35,221,FIRE
1281,fire_36,221,FIRE
1282,fire_37,221,FIRE
1283,fire_38,221,FIRE
1284,fire_39,221,FIRE
1285,fire_4,221,FIRE
1286,fire_40,221,FIRE
1287,fire_5,221,FIRE
1288,fire_6,221,FIRE
1289,fire_7,221,FIRE
1290,fire_8,221,FIRE
1291,fire_9,221,FIRE
1292,fish_1,227,FISH
1293,fish_10,227,FISH
1294,fish_11,227,FISH
1295,fish_12,227,FISH
1296,fish_13,227,FISH
1297,fish_14,227,FISH
1298,fish_15,227,FISH
1299,fish_16,227,FISH
1300,fish_17,227,FISH
1301,fish_18,227,FISH
1302,fish_19,227,FISH
1303,fish_2,227,FISH
1304,fish_20,227,FISH
1305,fish_21,227,FISH
1306,fish_22,227,FISH
1307,fish_23,227,FISH
1308,fish_24,227,FISH
1309,fish_25,227,FISH
1310,fish_26,227,FISH
1311,fish_27,227,FISH
1312,fish_28,227,FISH
1313,fish_29,227,FISH
1314,fish_3,227,FISH
1315,fish_30,227,FISH
1316,fish_31,227,FISH
1317,fish_32,227,FISH
1318,fish_33,227,FISH
1319,fish_34,227,FISH
1320,fish_35,227,FISH
1321,fish_36,227,FISH
1322,fish_37,227,FISH
1323,fish_38,227,FISH
1324,fish_39,227,FISH
1325,fish_4,227,FISH
1326,fish_40,227,FISH
1327,fish_41,227,FISH
1328,fish_5,227,FISH
1329,fish_6,227,FISH
1330,fish_7,227,FISH
1331,fish_8,227,FISH
1332,fish_9,227,FISH
1333,five_1,493,FIVE
1334,five_2,493,FIVE
1335,five_3,493,FIVE
1336,five_4,493,FIVE
1337,five_5,493,FIVE
1338,five_6,493,FIVE
1339,five_7,493,FIVE
1340,five_8,493,FIVE
1341,five_9,493,FIVE
1342,fly_1,1441,FLY (MOVE THROUGH AIR)
1343,fly_10,1441,FLY (MOVE THROUGH AIR)
1344,fly_11,1441,FLY (MOVE THROUGH AIR)
1345,fly_12,1441,FLY (MOVE THROUGH AIR)
1346,fly_13,1441,FLY (MOVE THROUGH AIR)
1347,fly_14,1441,FLY (MOVE THROUGH AIR)
1348,fly_15,1441,FLY (MOVE THROUGH AIR)
1349,fly_16,1441,FLY (MOVE THROUGH AIR)
1350,fly_17,1441,FLY (MOVE THROUGH AIR)
1351,fly_18,1441,FLY (MOVE THROUGH AIR)
1352,fly_19,1441,FLY (MOVE THROUGH AIR)
1353,fly_2,1441,FLY (MOVE THROUGH AIR)
1354,fly_20,1441,FLY (MOVE THROUGH AIR)
1355,fly_21,1441,FLY (MOVE THROUGH AIR)
1356,fly_22,1441,FLY (MOVE THROUGH AIR)
1357,fly_23,1441,FLY (MOVE THROUGH AIR)
1358,fly_24,1441,FLY (MOVE THROUGH AIR)
1359,fly_25,1441,FLY (MOVE THROUGH AIR)
1360,fly_26,1441,FLY (MOVE THROUGH AIR)
1361,fly_27,1441,FLY (MOVE THROUGH AIR)
1362,fly_28,1441,FLY (MOVE THROUGH AIR)
1363,fly_29,1441,FLY (MOVE THROUGH AIR)
1364,fly_3,1441,FLY (MOVE THROUGH AIR)
1365,fly_30,1441,FLY (MOVE THROUGH AIR)
1366,fly_31,1441,FLY (MOVE THROUGH AIR)
1367,fly_32,1441,FLY (MOVE THROUGH AIR)
1368,fly_33,1441,FLY (MOVE THROUGH AIR)
1369,fly_34,1441,FLY (MOVE THROUGH AIR)
1370,fly_35,1441,FLY (MOVE THROUGH AIR)
1371,fly_36,1441,FLY (MOVE THROUGH AIR)
1372,fly_37,1441,FLY (MOVE THROUGH AIR)
1373,fly_38,1441,FLY (MOVE THROUGH AIR)
1374,fly_39,1441,FLY (MOVE THROUGH AIR)
1375,fly_4,1441,FLY (MOVE THROUGH AIR)
1376,fly_40,1441,FLY (MOVE THROUGH AIR)
1377,fly_41,1441,FLY (MOVE THROUGH AIR)
1378,fly_42,1441,FLY (MOVE THROUGH AIR)
1379,fly_43,1441,FLY (MOVE THROUGH AIR)
1380,fly_44,1441,FLY (MOVE THROUGH AIR)
1381,fly_45,1441,FLY (MOVE THROUGH AIR)
1382,fly_46,1441,FLY (MOVE THROUGH AIR)
1383,fly_47,1441,FLY (MOVE THROUGH AIR)
1384,fly_48,1441,FLY (MOVE THROUGH AIR)
1385,fly_49,1441,FLY (MOVE THROUGH AIR)
1386,fly_5,1441,FLY (MOVE THROUGH AIR)
1387,fly_50,1441,FLY (MOVE THROUGH AIR)
1388,fly_51,1441,FLY (MOVE THROUGH AIR)
1389,fly_52,1441,FLY (MOVE THROUGH AIR)
1390,fly_53,1441,FLY (MOVE THROUGH AIR)
1391,fly_54,1441,FLY (MOVE THROUGH AIR)
1392,fly_55,1441,FLY (MOVE THROUGH AIR)
1393,fly_56,1441,FLY (MOVE THROUGH AIR)
1394,fly_57,1441,FLY (MOVE THROUGH AIR)
1395,fly_58,1441,FLY (MOVE THROUGH AIR)
1396,fly_59,1441,FLY (MOVE THROUGH AIR)
1397,fly_6,1441,FLY (MOVE THROUGH AIR)
1398,fly_60,1441,FLY (MOVE THROUGH AIR)
1399,fly_61,1441,FLY (MOVE THROUGH AIR)
1400,fly_62,1441,FLY (MOVE THROUGH AIR)
1401,fly_7,1441,FLY (MOVE THROUGH AIR)
1402,fly_8,1441,FLY (MOVE THROUGH AIR)
1403,fly_9,1441,FLY (MOVE THROUGH AIR)
1404,four_1,1500,FOUR
1405,four_2,1500,FOUR
1406,four_3,1500,FOUR
1407,four_4,1500,FOUR
1408,four_5,1500,FOUR
1409,four_6,1500,FOUR
1410,four_7,1500,FOUR
1411,four_8,1500,FOUR
1412,give_1,1447,GIVE
1413,give_10,1447,GIVE
1414,give_11,1447,GIVE
1415,give_12,1447,GIVE
1416,give_13,1447,GIVE
1417,give_14,1447,GIVE
1418,give_15,1447,GIVE
1419,give_16,1447,GIVE
1420,give_17,1447,GIVE
1421,give_18,1447,GIVE
1422,give_19,1447,GIVE
1423,give_2,1447,GIVE
1424,give_20,1447,GIVE
1425,give_21,1447,GIVE
1426,give_22,1447,GIVE
1427,give_23,1447,GIVE
1428,give_24,1447,GIVE
1429,give_25,1447,GIVE
1430,give_26,1447,GIVE
1431,give_27,1447,GIVE
1432,give_28,1447,GIVE
1433,give_29,1447,GIVE
1434,give_3,1447,GIVE
1435,give_30,1447,GIVE
1436,give_31,1447,GIVE
1437,give_32,1447,GIVE
1438,give_33,1447,GIVE
1439,give_34,1447,GIVE
1440,give_35,1447,GIVE
1441,give_36,1447,GIVE
1442,give_37,1447,GIVE
1443,give_38,1447,GIVE
1444,give_39,1447,GIVE
1445,give_4,1447,GIVE
1446,give_40,1447,GIVE
1447,give_41,1447,GIVE
1448,give_42,1447,GIVE
1449,give_43,1447,GIVE
1450,give_44,1447,GIVE
1451,give_45,1447,GIVE
1452,give_5,1447,GIVE
1453,give_6,1447,GIVE
1454,give_7,1447,GIVE
1455,give_8,1447,GIVE
1456,give_9,1447,GIVE
1457,goat_1,1502,GOAT
1458,goat_10,1502,GOAT
1459,goat_11,1502,GOAT
1460,goat_12,1502,GOAT
1461,goat_13,1502,GOAT
1462,goat_14,1502,GOAT
1463,goat_15,1502,GOAT
1464,goat_16,1502,GOAT
1465,goat_17,1502,GOAT
1466,goat_18,1502,GOAT
1467,goat_19,1502,GOAT
1468,goat_2,1502,GOAT
1469,goat_20,1502,GOAT
1470,goat_21,1502,GOAT
1471,goat_22,1502,GOAT
1472,goat_23,1502,GOAT
1473,goat_3,1502,GOAT
1474,goat_4,1502,GOAT
1475,goat_5,1502,GOAT
1476,goat_6,1502,GOAT
1477,goat_7,1502,GOAT
1478,goat_8,1502,GOAT
1479,goat_9,1502,GOAT
1480,groundsoil_1,1228,EARTH (SOIL)
1481,groundsoil_10,1228,EARTH (SOIL)
1482,groundsoil_11,1228,EARTH (SOIL)
1483,groundsoil_12,1228,EARTH (SOIL)
1484,groundsoil_13,1228,EARTH (SOIL)
1485,groundsoil_14,1228,EARTH (SOIL)
1486,groundsoil_15,1228,EARTH (SOIL)
1487,groundsoil_16,1228,EARTH (SOIL)
1488,groundsoil_17,1228,EARTH (SOIL)
1489,groundsoil_18,1228,EARTH (SOIL)
1490,groundsoil_19,1228,EARTH (SOIL)
1491,groundsoil_2,1228,EARTH (SOIL)
1492,groundsoil_20,1228,EARTH (SOIL)
1493,groundsoil_21,1228,EARTH (SOIL)
1494,groundsoil_22,1228,EARTH (SOIL)
1495,groundsoil_23,1228,EARTH (SOIL)
1496,groundsoil_24,1228,EARTH (SOIL)
1497,groundsoil_25,1228,EARTH (SOIL)
1498,groundsoil_26,1228,EARTH (SOIL)
1499,groundsoil_27,1228,EARTH (SOIL)
1500,groundsoil_28,1228,EARTH (SOIL)
1501,groundsoil_29,1228,EARTH (SOIL)
1502,groundsoil_3,1228,EARTH (SOIL)
1503,groundsoil_30,1228,EARTH (SOIL)
1504,groundsoil_31,1228,EARTH (SOIL)
1505,groundsoil_32,1228,EARTH (SOIL)
1506,groundsoil_33,1228,EARTH (SOIL)
1507,groundsoil_34,1228,EARTH (SOIL)
1508,groundsoil_35,1228,EARTH (SOIL)
1509,groundsoil_36,1228,EARTH (SOIL)
1510,groundsoil_37,1228,EARTH (SOIL)
1511,groundsoil_38,1228,EARTH (SOIL)
1512,groundsoil_39,1228,EARTH (SOIL)
1513,groundsoil_4,1228,EARTH (SOIL)
1514,groundsoil_40,1228,EARTH (SOIL)
1515,groundsoil_41,1228,EARTH (SOIL)
1516,groundsoil_42,1228,EARTH (SOIL)
1517,groundsoil_43,1228,EARTH (SOIL)
1518,groundsoil_44,1228,EARTH (SOIL)
1519,groundsoil_45,1228,EARTH (SOIL)
1520,groundsoil_46,1228,EARTH (SOIL)
1521,groundsoil_47,1228,EARTH (SOIL)
1522,groundsoil_48,1228,EARTH (SOIL)
1523,groundsoil_49,1228,EARTH (SOIL)
1524,groundsoil_5,1228,EARTH (SOIL)
1525,groundsoil_6,1228,EARTH (SOIL)
1526,groundsoil_7,1228,EARTH (SOIL)
1527,groundsoil_8,1228,EARTH (SOIL)
1528,groundsoil_9,1228,EARTH (SOIL)
1529,hair_1,2648,HAIR (HEAD)
1530,hair_10,2648,HAIR (HEAD)
1531,hair_11,2648,HAIR (HEAD)
1532,hair_12,2648,HAIR (HEAD)
1533,hair_13,2648,HAIR (HEAD)
1534,hair_14,2648,HAIR (HEAD)
1535,hair_15,2648,HAIR (HEAD)
1536,hair_16,2648,HAIR (HEAD)
1537,hair_17,2648,HAIR (HEAD)
1538,hair_18,2648,HAIR (HEAD)
1539,hair_19,2648,HAIR (HEAD)
1540,hair_2,2648,HAIR (HEAD)
1541,hair_20,2648,HAIR (HEAD)
1542,hair_21,2648,HAIR (HEAD)
1543,hair_22,2648,HAIR (HEAD)
1544,hair_23,2648,HAIR (HEAD)
1545,hair_24,2648,HAIR (HEAD)
1546,hair_25,2648,HAIR (HEAD)
1547,hair_26,2648,HAIR (HEAD)
1548,hair_27,2648,HAIR (HEAD)
1549,hair_28,2648,HAIR (HEAD)
1550,hair_29,2648,HAIR (HEAD)
1551,hair_3,2648,HAIR (HEAD)
1552,hair_30,2648,HAIR (HEAD)
1553,hair_31,2648,HAIR (HEAD)
1554,hair_32,2648,HAIR (HEAD)
1555,hair_33,2648,HAIR (HEAD)
1556,hair_34,2648,HAIR (HEAD)
1557,hair_35,2648,HAIR (HEAD)
1558,hair_36,2648,HAIR (HEAD)
1559,hair_37,2648,HAIR (HEAD)
1560,hair_38,2648,HAIR (HEAD)
1561,hair_39,2648,HAIR (HEAD)
1562,hair_4,2648,HAIR (HEAD)
1563,hair_40,2648,HAIR (HEAD)
1564,hair_41,2648,HAIR (HEAD)
1565,hair_42,2648,HAIR (HEAD)
1566,hair_43,2648,HAIR (HEAD)
1567,hair_44,2648,HAIR (HEAD)
1568,hair_45,2648,HAIR (HEAD)
1569,hair_46,2648,HAIR (HEAD)
1570,hair_47,2648,HAIR (HEAD)
1571,hair_48,2648,HAIR (HEAD)
1572,hair_49,2648,HAIR (HEAD)
1573,hair_5,2648,HAIR (HEAD)
1574,hair_50,2648,HAIR (HEAD)
1575,hair_51,2648,HAIR (HEAD)
1576,hair_52,2648,HAIR (HEAD)
1577,hair_53,2648,HAIR (HEAD)
1578,hair_54,2648,HAIR (HEAD)
1579,hair_55,2648,HAIR (HEAD)
1580,hair_6,2648,HAIR (HEAD)
1581,hair_7,2648,HAIR (HEAD)
1582,hair_8,2648,HAIR (HEAD)
1583,hair_9,2648,HAIR (HEAD)
1584,head_1,1256,HEAD
1585,head_10,1256,HEAD
1586,head_11,1256,HEAD
1587,head_13,1256,HEAD
1588,head_14,1256,HEAD
1589,head_15,1256,HEAD
1590,head_16,1256,HEAD
1591,head_17,1256,HEAD
1592,head_18,1256,HEAD
1593,head_2,1256,HEAD
1594,head_3,1256,HEAD
1595,head_4,1256,HEAD
1596,head_5,1256,HEAD
1597,head_6,1256,HEAD
1598,head_7,1256,HEAD
1599,head_8,1256,HEAD
1600,head_9,1256,HEAD
1601,hear_1,1408,HEAR
1602,hear_10,1408,HEAR
1603,hear_11,1408,HEAR
1604,hear_12,1408,HEAR
1605,hear_13,1408,HEAR
1606,hear_14,1408,HEAR
1607,hear_15,1408,HEAR
1608,hear_16,1408,HEAR
1609,hear_17,1408,HEAR
1610,hear_18,1408,HEAR
1611,hear_19,1408,HEAR
1612,hear_2,1408,HEAR
1613,hear_20,1408,HEAR
1614,hear_21,1408,HEAR
1615,hear_22,1408,HEAR
1616,hear_23,1408,HEAR
1617,hear_24,1408,HEAR
1618,hear_25,1408,HEAR
1619,hear_26,1408,HEAR
1620,hear_27,1408,HEAR
1621,hear_28,1408,HEAR
1622,hear_29,1408,HEAR
1623,hear_3,1408,HEAR
1624,hear_30,1408,HEAR
1625,hear_31,1408,HEAR
1626,hear_32,1408,HEAR
1627,hear_33,1408,HEAR
1628,hear_34,1408,HEAR
1629,hear_35,1408,HEAR
1630,hear_36,1408,HEAR
1631,hear_37,1408,HEAR
1632,hear_38,1408,HEAR
1633,hear_39,1408,HEAR
1634,hear_4,1408,HEAR
1635,hear_40,1408,HEAR
1636,hear_41,1408,HEAR
1637,hear_5,1408,HEAR
1638,hear_6,1408,HEAR
1639,hear_7,1408,HEAR
1640,hear_8,1408,HEAR
1641,hear_9,1408,HEAR
1642,heart_1,1223,HEART
1643,heart_10,1223,HEART
1644,heart_11,1223,HEART
1645,heart_12,1223,HEART
1646,heart_13,1223,HEART
1647,heart_14,1223,HEART
1648,heart_15,1223,HEART
1649,heart_16,1223,HEART
1650,heart_17,1223,HEART
1651,heart_18,1223,HEART
1652,heart_19,1223,HEART
1653,heart_2,1223,HEART
1654,heart_20,1223,HEART
1655,heart_21,1223,HEART
1656,heart_22,1223,HEART
1657,heart_23,1223,HEART
1658,heart_24,1223,HEART
1659,heart_25,1223,HEART
1660,heart_26,1223,HEART
1661,heart_27,1223,HEART
1662,heart_28,1223,HEART
1663,heart_29,1223,HEART
1664,heart_3,1223,HEART
1665,heart_30,1223,HEART
1666,heart_31,1223,HEART
1667,heart_32,1223,HEART
1668,heart_33,1223,HEART
1669,heart_4,1223,HEART
1670,heart_5,1223,HEART
1671,heart_6,1223,HEART
1672,heart_7,1223,HEART
1673,heart_8,1223,HEART
1674,heart_9,1223,HEART
1675,horn_1,1393,HORN (ANATOMY)
1676,horn_10,1393,HORN (ANATOMY)
1677,horn_11,1393,HORN (ANATOMY)
1678,horn_12,1393,HORN (ANATOMY)
1679,horn_13,1393,HORN (ANATOMY)
1680,horn_14,1393,HORN (ANATOMY)
1681,horn_15,1393,HORN (ANATOMY)
1682,horn_16,1393,HORN (ANATOMY)
1683,horn_17,1393,HORN (ANATOMY)
1684,horn_18,1393,HORN (ANATOMY)
1685,horn_19,1393,HORN (ANATOMY)
1686,horn_2,1393,HORN (ANATOMY)
1687,horn_20,1393,HORN (ANATOMY)
1688,horn_21,1393,HORN (ANATOMY)
1689,horn_22,1393,HORN (ANATOMY)
1690,horn_23,1393,HORN (ANATOMY)
1691,horn_24,1393,HORN (ANATOMY)
1692,horn_25,1393,HORN (ANATOMY)
1693,horn_26,1393,HORN (ANATOMY)
1694,horn_27,1393,HORN (ANATOMY)
1695,horn_28,1393,HORN (ANATOMY)
1696,horn_29,1393,HORN (ANATOMY)
1697,horn_3,1393,HORN (ANATOMY)
1698,horn_30,1393,HORN (ANATOMY)
1699,horn_31,1393,HORN (ANATOMY)
1700,horn_32,1393,HORN (ANATOMY)
1701,horn_33,1393,HORN (ANATOMY)
1702,horn_34,1393,HORN (ANATOMY)
1703,horn_35,1393,HORN (ANATOMY)
1704,horn_36,1393,HORN (ANATOMY)
1705,horn_37,1393,HORN (ANATOMY)
1706,horn_38,1393,HORN (ANATOMY)
1707,horn_39,1393,HORN (ANATOMY)
1708,horn_4,1393,HORN (ANATOMY)
1709,horn_40,1393,HORN (ANATOMY)
1710,horn_41,1393,HORN (ANATOMY)
1711,horn_42,1393,HORN (ANATOMY)
1712,horn_43,1393,HORN (ANATOMY)
1713,horn_44,1393,HORN (ANATOMY)
1714,horn_5,1393,HORN (ANATOMY)
1715,horn_6,1393,HORN (ANATOMY)
1716,horn_7,1393,HORN (ANATOMY)
1717,horn_8,1393,HORN (ANATOMY)
1718,horn_9,1393,HORN (ANATOMY)
1719,house_1,1252,HOUSE
1720,house_10,1252,HOUSE
1721,house_11,1252,HOUSE
1722,house_12,1252,HOUSE
1723,house_13,1252,HOUSE
1724,house_14,1252,HOUSE
1725,house_15,1252,HOUSE
1726,house_16,1252,HOUSE
1727,house_17,1252,HOUSE
1728,house_18,1252,HOUSE
1729,house_19,1252,HOUSE
1730,house_2,1252,HOUSE
1731,house_20,1252,HOUSE
1732,house_21,1252,HOUSE
1733,house_22,1252,HOUSE
1734,house_23,1252,HOUSE
1735,house_25,1252,HOUSE
1736,house_26,1252,HOUSE
1737,house_27,1252,HOUSE
1738,house_28,1252,HOUSE
1739,house_29,1252,HOUSE
1740,house_3,1252,HOUSE
1741,house_30,1252,HOUSE
1742,house_31,1252,HOUSE
1743,house_4,1252,HOUSE
1744,house_5,1252,HOUSE
1745,house_6,1252,HOUSE
1746,house_7,1252,HOUSE
1747,house_8,1252,HOUSE
1748,house_9,1252,HOUSE
1749,hunger_1,1864,HUNGER
1750,hunger_10,1864,HUNGER
1751,hunger_11,1864,HUNGER
1752,hunger_12,1864,HUNGER
1753,hunger_13,1864,HUNGER
1754,hunger_14,1864,HUNGER
1755,hunger_15,1864,HUNGER
1756,hunger_16,1864,HUNGER
1757,hunger_2,1864,HUNGER
1758,hunger_3,1864,HUNGER
1759,hunger_4,1864,HUNGER
1760,hunger_5,1864,HUNGER
1761,hunger_6,1864,HUNGER
1762,hunger_7,1864,HUNGER
1763,hunger_8,1864,HUNGER
1764,hunger_9,1864,HUNGER
1765,intestine_1,1991,INTESTINES
1766,intestine_10,1991,INTESTINES
1767,intestine_11,1991,INTESTINES
1768,intestine_12,1991,INTESTINES
1769,intestine_13,1991,INTESTINES
1770,intestine_14,1991,INTESTINES
1771,intestine_15,1991,INTESTINES
1772,intestine_16,1991,INTESTINES
1773,intestine_17,1991,INTESTINES
1774,intestine_18,1991,INTESTINES
1775,intestine_19,1991,INTESTINES
1776,intestine_2,1991,INTESTINES
1777,intestine_20,1991,INTESTINES
1778,intestine_21,1991,INTESTINES
1779,intestine_22,1991,INTESTINES
1780,intestine_23,1991,INTESTINES
1781,intestine_24,1991,INTESTINES
1782,intestine_25,1991,INTESTINES
1783,intestine_26,1991,INTESTINES
1784,intestine_27,1991,INTESTINES
1785,intestine_28,1991,INTESTINES
1786,intestine_29,1991,INTESTINES
1787,intestine_3,1991,INTESTINES
1788,intestine_4,1991,INTESTINES
1789,intestine_5,1991,INTESTINES
1790,intestine_6,1991,INTESTINES
1791,intestine_7,1991,INTESTINES
1792,intestine_8,1991,INTESTINES
1793,intestine_9,1991,INTESTINES
1794,iron_1,621,IRON
1795,iron_10,621,IRON
1796,iron_11,621,IRON
1797,iron_12,621,IRON
1798,iron_13,621,IRON
1799,iron_14,621,IRON
1800,iron_15,621,IRON
1801,iron_16,621,IRON
1802,iron_17,621,IRON
1803,iron_18,621,IRON
1804,iron_19,621,IRON
1805,iron_2,621,IRON
1806,iron_20,621,IRON
1807,iron_21,621,IRON
1808,iron_22,621,IRON
1809,iron_23,621,IRON
1810,iron_24,621,IRON
1811,iron_25,621,IRON
1812,iron_26,621,IRON
1813,iron_27,621,IRON
1814,iron_28,621,IRON
1815,iron_29,621,IRON
1816,iron_3,621,IRON
1817,iron_30,621,IRON
1818,iron_31,621,IRON
1819,iron_32,621,IRON
1820,iron_33,621,IRON
1821,iron_34,621,IRON
1822,iron_35,621,IRON
1823,iron_36,621,IRON
1824,iron_37,621,IRON
1825,iron_38,621,IRON
1826,iron_39,621,IRON
1827,iron_4,621,IRON
1828,iron_40,621,IRON
1829,iron_41,621,IRON
1830,iron_42,621,IRON
1831,iron_43,621,IRON
1832,iron_44,621,IRON
1833,iron_45,621,IRON
1834,iron_46,621,IRON
1835,iron_47,621,IRON
1836,iron_48,621,IRON
1837,iron_49,621,IRON
1838,iron_5,621,IRON
1839,iron_50,621,IRON
1840,iron_51,621,IRON
1841,iron_52,621,IRON
1842,iron_53,621,IRON
1843,iron_54,621,IRON
1844,iron_6,621,IRON
1845,iron_7,621,IRON
1846,iron_8,621,IRON
1847,iron_9,621,IRON
1848,kill_1,1417,KILL
1849,kill_10,1417,KILL
1850,kill_11,1417,KILL
1851,kill_12,1417,KILL
1852,kill_13,1417,KILL
1853,kill_14,1417,KILL
1854,kill_15,1417,KILL
1855,kill_16,1417,KILL
1856,kill_17,1417,KILL
1857,kill_18,1417,KILL
1858,kill_19,1417,KILL
1859,kill_2,1417,KILL
1860,kill_20,1417,KILL
1861,kill_21,1417,KILL
1862,kill_22,1417,KILL
1863,kill_23,1417,KILL
1864,kill_24,1417,KILL
1865,kill_25,1417,KILL
1866,kill_26,1417,KILL
1867,kill_27,1417,KILL
1868,kill_28,1417,KILL
1869,kill_29,1417,KILL
1870,kill_3,1417,KILL
1871,kill_30,1417,KILL
1872,kill_31,1417,KILL
1873,kill_32,1417,KILL
1874,kill_33,1417,KILL
1875,kill_34,1417,KILL
1876,kill_35,1417,KILL
1877,kill_36,1417,KILL
1878,kill_37,1417,KILL
1879,kill_38,1417,KILL
1880,kill_39,1417,KILL
1881,kill_4,1417,KILL
1882,kill_40,1417,KILL
1883,kill_41,1417,KILL
1884,kill_42,1417,KILL
1885,kill_43,1417,KILL
1886,kill_5,1417,KILL
1887,kill_6,1417,KILL
1888,kill_7,1417,KILL
1889,kill_8,1417,KILL
1890,kill_9,1417,KILL
1891,knee_1,1371,KNEE
1892,knee_10,1371,KNEE
1893,knee_11,1371,KNEE
1894,knee_12,1371,KNEE
1895,knee_13,1371,KNEE
1896,knee_14,1371,KNEE
1897,knee_15,1371,KNEE
1898,knee_16,1371,KNEE
1899,knee_17,1371,KNEE
1900,knee_18,1371,KNEE
1901,knee_19,1371,KNEE
1902,knee_2,1371,KNEE
1903,knee_20,1371,KNEE
1904,knee_21,1371,KNEE
1905,knee_22,1371,KNEE
1906,knee_23,1371,KNEE
1907,knee_24,1371,KNEE
1908,knee_25,1371,KNEE
1909,knee_26,1371,KNEE
1910,knee_27,1371,KNEE
1911,knee_28,1371,KNEE
1912,knee_29,1371,KNEE
1913,knee_3,1371,KNEE
1914,knee_30,1371,KNEE
1915,knee_31,1371,KNEE
1916,knee_32,1371,KNEE
1917,knee_33,1371,KNEE
1918,knee_34,1371,KNEE
1919,knee_35,1371,KNEE
1920,knee_36,1371,KNEE
1921,knee_37,1371,KNEE
1922,knee_38,1371,KNEE
1923,knee_39,1371,KNEE
1924,knee_4,1371,KNEE
1925,knee_40,1371,KNEE
1926,knee_41,1371,KNEE
1927,knee_42,1371,KNEE
1928,knee_43,1371,KNEE
1929,knee_44,1371,KNEE
1930,knee_45,1371,KNEE
1931,knee_46,1371,KNEE
1932,knee_47,1371,KNEE
1933,knee_48,1371,KNEE
1934,knee_49,1371,KNEE
1935,knee_5,1371,KNEE
1936,knee_50,1371,KNEE
1937,knee_51,1371,KNEE
1938,knee_52,1371,KNEE
1939,knee_53,1371,KNEE
1940,knee_54,1371,KNEE
1941,knee_55,1371,KNEE
1942,knee_56,1371,KNEE
1943,knee_57,1371,KNEE
1944,knee_58,1371,KNEE
1945,knee_59,1371,KNEE
1946,knee_6,1371,KNEE
1947,knee_60,1371,KNEE
1948,knee_61,1371,KNEE
1949,knee_62,1371,KNEE
1950,knee_63,1371,KNEE
1951,knee_7,1371,KNEE
1952,knee_8,1371,KNEE
1953,knee_9,1371,KNEE
1954,knife_1,1352,KNIFE
1955,knife_10,1352,KNIFE
1956,knife_11,1352,KNIFE
1957,knife_12,1352,KNIFE
1958,knife_13,1352,KNIFE
1959,knife_14,1352,KNIFE
1960,knife_15,1352,KNIFE
1961,knife_16,1352,KNIFE
1962,knife_17,1352,KNIFE
1963,knife_18,1352,KNIFE
1964,knife_19,1352,KNIFE
1965,knife_2,1352,KNIFE
1966,knife_20,1352,KNIFE
1967,knife_21,1352,KNIFE
1968,knife_22,1352,KNIFE
1969,knife_23,1352,KNIFE
1970,knife_24,1352,KNIFE
1971,knife_25,1352,KNIFE
1972,knife_26,1352,KNIFE
1973,knife_27,1352,KNIFE
1974,knife_28,1352,KNIFE
1975,knife_29,1352,KNIFE
1976,knife_3,1352,KNIFE
1977,knife_30,1352,KNIFE
1978,knife_31,1352,KNIFE
1979,knife_32,1352,KNIFE
1980,knife_33,1352,KNIFE
1981,knife_34,1352,KNIFE
1982,knife_35,1352,KNIFE
1983,knife_36,1352,KNIFE
1984,knife_37,1352,KNIFE
1985,knife_38,1352,KNIFE
1986,knife_39,1352,KNIFE
1987,knife_4,1352,KNIFE
1988,knife_40,1352,KNIFE
1989,knife_41,1352,KNIFE
1990,knife_42,1352,KNIFE
1991,knife_43,1352,KNIFE
1992,knife_44,1352,KNIFE
1993,knife_45,1352,KNIFE
1994,knife_46,1352,KNIFE
1995,knife_47,1352,KNIFE
1996,knife_48,1352,KNIFE
1997,knife_49,1352,KNIFE
1998,knife_5,1352,KNIFE
1999,knife_50,1352,KNIFE
2000,knife_51,1352,KNIFE
2001,knife_52,1352,KNIFE
2002,knife_53,1352,KNIFE
2003,knife_54,1352,KNIFE
2004,knife_55,1352,KNIFE
2005,knife_56,1352,KNIFE
2006,knife_57,1352,KNIFE
2007,knife_58,1352,KNIFE
2008,knife_59,1352,KNIFE
2009,knife_6,1352,KNIFE
2010,knife_60,1352,KNIFE
2011,knife_61,1352,KNIFE
2012,knife_62,1352,KNIFE
2013,knife_7,1352,KNIFE
2014,knife_8,1352,KNIFE
2015,knife_9,1352,KNIFE
2016,know_1,1410,KNOW (SOMETHING)
2017,know_10,1410,KNOW (SOMETHING)
2018,know_11,1410,KNOW (SOMETHING)
2019,know_12,1410,KNOW (SOMETHING)
2020,know_13,1410,KNOW (SOMETHING)
2021,know_14,1410,KNOW (SOMETHING)
2022,know_15,1410,KNOW (SOMETHING)
2023,know_16,1410,KNOW (SOMETHING)
2024,know_17,1410,KNOW (SOMETHING)
2025,know_18,1410,KNOW (SOMETHING)
2026,know_19,1410,KNOW (SOMETHING)
2027,know_2,1410,KNOW (SOMETHING)
2028,know_20,1410,KNOW (SOMETHING)
2029,know_21,1410,KNOW (SOMETHING)
2030,know_22,1410,KNOW (SOMETHING)
2031,know_23,1410,KNOW (SOMETHING)
2032,know_24,1410,KNOW (SOMETHING)
2033,know_25,1410,KNOW (SOMETHING)
2034,know_26,1410,KNOW (SOMETHING)
2035,know_27,1410,KNOW (SOMETHING)
2036,know_28,1410,KNOW (SOMETHING)
2037,know_29,1410,KNOW (SOMETHING)
2038,know_3,1410,KNOW (SOMETHING)
2039,know_30,1410,KNOW (SOMETHING)
2040,know_31,1410,KNOW (SOMETHING)
2041,know_32,1410,KNOW (SOMETHING)
2042,know_33,1410,KNOW (SOMETHING)
2043,know_34,1410,KNOW (SOMETHING)
2044,know_35,1410,KNOW (SOMETHING)
2045,know_36,1410,KNOW (SOMETHING)
2046,know_37,1410,KNOW (SOMETHING)
2047,know_38,1410,KNOW (SOMETHING)
2048,know_39,1410,KNOW (SOMETHING)
2049,know_4,1410,KNOW (SOMETHING)
2050,know_40,1410,KNOW (SOMETHING)
2051,know_41,1410,KNOW (SOMETHING)
2052,know_42,1410,KNOW (SOMETHING)
2053,know_43,1410,KNOW (SOMETHING)
2054,know_44,1410,KNOW (SOMETHING)
2055,know_45,1410,KNOW (SOMETHING)
2056,know_5,1410,KNOW (SOMETHING)
2057,know_6,1410,KNOW (SOMETHING)
2058,know_7,1410,KNOW (SOMETHING)
2059,know_8,1410,KNOW (SOMETHING)
2060,know_9,1410,KNOW (SOMETHING)
2061,leaf_1,628,LEAF
2062,leaf_10,628,LEAF
2063,leaf_11,628,LEAF
2064,leaf_12,628,LEAF
2065,leaf_13,628,LEAF
2066,leaf_14,628,LEAF
2067,leaf_15,628,LEAF
2068,leaf_16,628,LEAF
2069,leaf_17,628,LEAF
2070,leaf_19,628,LEAF
2071,leaf_2,628,LEAF
2072,leaf_20,628,LEAF
2073,leaf_21,628,LEAF
2074,leaf_22,628,LEAF
2075,leaf_23,628,LEAF
2076,leaf_24,628,LEAF
2077,leaf_25,628,LEAF
2078,leaf_26,628,LEAF
2079,leaf_27,628,LEAF
2080,leaf_28,628,LEAF
2081,leaf_29,628,LEAF
2082,leaf_3,628,LEAF
2083,leaf_30,628,LEAF
2084,leaf_31,628,LEAF
2085,leaf_32,628,LEAF
2086,leaf_33,628,LEAF
2087,leaf_34,628,LEAF
2088,leaf_35,628,LEAF
2089,leaf_36,628,LEAF
2090,leaf_37,628,LEAF
2091,leaf_38,628,LEAF
2092,leaf_39,628,LEAF
2093,leaf_4,628,LEAF
2094,leaf_40,628,LEAF
2095,leaf_41,628,LEAF
2096,leaf_42,628,LEAF
2097,leaf_43,628,LEAF
2098,leaf_44,628,LEAF
2099,leaf_45,628,LEAF
2100,leaf_46,628,LEAF
2101,leaf_47,628,LEAF
2102,leaf_48,628,LEAF
2103,leaf_49,628,LEAF
2104,leaf_5,628,LEAF
2105,leaf_50,628,LEAF
2106,leaf_51,628,LEAF
2107,leaf_52,628,LEAF
2108,leaf_53,628,LEAF
2109,leaf_54,628,LEAF
2110,leaf_55,628,LEAF
2111,leaf_56,628,LEAF
2112,leaf_57,628,LEAF
2113,leaf_58,628,LEAF
2114,leaf_59,628,LEAF
2115,leaf_6,628,LEAF
2116,leaf_60,628,LEAF
2117,leaf_61,628,LEAF
2118,leaf_62,628,LEAF
2119,leaf_7,628,LEAF
2120,leaf_8,628,LEAF
2121,leaf_9,628,LEAF
2122,leg_1,1297,LEG
2123,leg_10,1297,LEG
2124,leg_11,1297,LEG
2125,leg_12,1297,LEG
2126,leg_13,1297,LEG
2127,leg_14,1297,LEG
2128,leg_15,1297,LEG
2129,leg_16,1297,LEG
2130,leg_17,1297,LEG
2131,leg_18,1297,LEG
2132,leg_19,1297,LEG
2133,leg_2,1297,LEG
2134,leg_20,1297,LEG
2135,leg_21,1297,LEG
2136,leg_22,1297,LEG
2137,leg_23,1297,LEG
2138,leg_24,1297,LEG
2139,leg_25,1297,LEG
2140,leg_26,1297,LEG
2141,leg_27,1297,LEG
2142,leg_28,1297,LEG
2143,leg_29,1297,LEG
2144,leg_3,1297,LEG
2145,leg_30,1297,LEG
2146,leg_31,1297,LEG
2147,leg_32,1297,LEG
2148,leg_33,1297,LEG
2149,leg_34,1297,LEG
2150,leg_35,1297,LEG
2151,leg_36,1297,LEG
2152,leg_37,1297,LEG
2153,leg_38,1297,LEG
2154,leg_39,1297,LEG
2155,leg_4,1297,LEG
2156,leg_40,1297,LEG
2157,leg_5,1297,LEG
2158,leg_6,1297,LEG
2159,leg_7,1297,LEG
2160,leg_8,1297,LEG
2161,leg_9,1297,LEG
2162,liver_1,1224,LIVER
2163,liver_10,1224,LIVER
2164,liver_11,1224,LIVER
2165,liver_12,1224,LIVER
2166,liver_13,1224,LIVER
2167,liver_14,1224,LIVER
2168,liver_15,1224,LIVER
2169,liver_16,1224,LIVER
2170,liver_17,1224,LIVER
2171,liver_18,1224,LIVER
2172,liver_19,1224,LIVER
2173,liver_2,1224,LIVER
2174,liver_20,1224,LIVER
2175,liver_21,1224,LIVER
2176,liver_22,1224,LIVER
2177,liver_23,1224,LIVER
2178,liver_24,1224,LIVER
2179,liver_25,1224,LIVER
2180,liver_26,1224,LIVER
2181,liver_27,1224,LIVER
2182,liver_28,1224,LIVER
2183,liver_29,1224,LIVER
2184,liver_3,1224,LIVER
2185,liver_30,1224,LIVER
2186,liver_31,1224,LIVER
2187,liver_32,1224,LIVER
2188,liver_33,1224,LIVER
2189,liver_34,1224,LIVER
2190,liver_35,1224,LIVER
2191,liver_36,1224,LIVER
2192,liver_37,1224,LIVER
2193,liver_38,1224,LIVER
2194,liver_39,1224,LIVER
2195,liver_4,1224,LIVER
2196,liver_40,1224,LIVER
2197,liver_41,1224,LIVER
2198,liver_42,1224,LIVER
2199,liver_43,1224,LIVER
2200,liver_44,1224,LIVER
2201,liver_45,1224,LIVER
2202,liver_46,1224,LIVER
2203,liver_47,1224,LIVER
2204,liver_48,1224,LIVER
2205,liver_49,1224,LIVER
2206,liver_5,1224,LIVER
2207,liver_50,1224,LIVER
2208,liver_51,1224,LIVER
2209,liver_52,1224,LIVER
2210,liver_53,1224,LIVER
2211,liver_54,1224,LIVER
2212,liver_55,1224,LIVER
2213,liver_56,1224,LIVER
2214,liver_57,1224,LIVER
2215,liver_58,1224,LIVER
2216,liver_59,1224,LIVER
2217,liver_6,1224,LIVER
2218,liver_60,1224,LIVER
2219,liver_61,1224,LIVER
2220,liver_62,1224,LIVER
2221,liver_63,1224,LIVER
2222,liver_64,1224,LIVER
2223,liver_65,1224,LIVER
2224,liver_66,1224,LIVER
2225,liver_67,1224,LIVER
2226,liver_68,1224,LIVER
2227,liver_7,1224,LIVER
2228,liver_8,1224,LIVER
2229,liver_9,1224,LIVER
2230,louse_1,1392,LOUSE
2231,louse_10,1392,LOUSE
2232,louse_11,1392,LOUSE
2233,louse_12,1392,LOUSE
2234,louse_13,1392,LOUSE
2235,louse_14,1392,LOUSE
2236,louse_15,1392,LOUSE
2237,louse_16,1392,LOUSE
2238,louse_17,1392,LOUSE
2239,louse_18,1392,LOUSE
2240,louse_19,1392,LOUSE
2241,louse_2,1392,LOUSE
2242,louse_20,1392,LOUSE
2243,louse_21,1392,LOUSE
2244,louse_22,1392,LOUSE
2245,louse_23,1392,LOUSE
2246,louse_24,1392,LOUSE
2247,louse_25,1392,LOUSE
2248,louse_26,1392,LOUSE
2249,louse_27,1392,LOUSE
2250,louse_28,1392,LOUSE
2251,louse_29,1392,LOUSE
2252,louse_3,1392,LOUSE
2253,louse_30,1392,LOUSE
2254,louse_31,1392,LOUSE
2255,louse_32,1392,LOUSE
2256,louse_33,1392,LOUSE
2257,louse_34,1392,LOUSE
2258,louse_35,1392,LOUSE
2259,louse_36,1392,LOUSE
2260,louse_37,1392,LOUSE
2261,louse_38,1392,LOUSE
2262,louse_39,1392,LOUSE
2263,louse_4,1392,LOUSE
2264,louse_40,1392,LOUSE
2265,louse_41,1392,LOUSE
2266,louse_42,1392,LOUSE
2267,louse_43,1392,LOUSE
2268,louse_44,1392,LOUSE
2269,louse_45,1392,LOUSE
2270,louse_46,1392,LOUSE
2271,louse_47,1392,LOUSE
2272,louse_48,1392,LOUSE
2273,louse_49,1392,LOUSE
2274,louse_5,1392,LOUSE
2275,louse_6,1392,LOUSE
2276,louse_7,1392,LOUSE
2277,louse_8,1392,LOUSE
2278,louse_9,1392,LOUSE
2279,man_1,1554,MAN
2280,man_10,1554,MAN
2281,man_11,1554,MAN
2282,man_12,1554,MAN
2283,man_13,1554,MAN
2284,man_14,1554,MAN
2285,man_15,1554,MAN
2286,man_16,1554,MAN
2287,man_17,1554,MAN
2288,man_18,1554,MAN
2289,man_19,1554,MAN
2290,man_2,1554,MAN
2291,man_20,1554,MAN
2292,man_21,1554,MAN
2293,man_22,1554,MAN
2294,man_23,1554,MAN
2295,man_24,1554,MAN
2296,man_25,1554,MAN
2297,man_26,1554,MAN
2298,man_27,1554,MAN
2299,man_28,1554,MAN
2300,man_29,1554,MAN
2301,man_3,1554,MAN
2302,man_30,1554,MAN
2303,man_31,1554,MAN
2304,man_32,1554,MAN
2305,man_33,1554,MAN
2306,man_34,1554,MAN
2307,man_35,1554,MAN
2308,man_36,1554,MAN
2309,man_37,1554,MAN
2310,man_38,1554,MAN
2311,man_39,1554,MAN
2312,man_4,1554,MAN
2313,man_40,1554,MAN
2314,man_41,1554,MAN
2315,man_42,1554,MAN
2316,man_43,1554,MAN
2317,man_44,1554,MAN
2318,man_45,1554,MAN
2319,man_46,1554,MAN
2320,man_47,1554,MAN
2321,man_48,1554,MAN
2322,man_49,1554,MAN
2323,man_5,1554,MAN
2324,man_50,1554,MAN
2325,man_6,1554,MAN
2326,man_7,1554,MAN
2327,man_8,1554,MAN
2328,man_9,1554,MAN
2329,moon_1,1313,MOON
2330,moon_10,1313,MOON
2331,moon_11,1313,MOON
2332,moon_12,1313,MOON
2333,moon_13,1313,MOON
2334,moon_14,1313,MOON
2335,moon_15,1313,MOON
2336,moon_16,1313,MOON
2337,moon_17,1313,MOON
2338,moon_18,1313,MOON
2339,moon_19,1313,MOON
2340,moon_2,1313,MOON
2341,moon_20,1313,MOON
2342,moon_21,1313,MOON
2343,moon_22,1313,MOON
2344,moon_23,1313,MOON
2345,moon_3,1313,MOON
2346,moon_4,1313,MOON
2347,moon_5,1313,MOON
2348,moon_6,1313,MOON
2349,moon_7,1313,MOON
2350,moon_8,1313,MOON
2351,moon_9,1313,MOON
2352,mouth_1,674,MOUTH
2353,mouth_10,674,MOUTH
2354,mouth_11,674,MOUTH
2355,mouth_12,674,MOUTH
2356,mouth_13,674,MOUTH
2357,mouth_14,674,MOUTH
2358,mouth_15,674,MOUTH
2359,mouth_16,674,MOUTH
2360,mouth_17,674,MOUTH
2361,mouth_18,674,MOUTH
2362,mouth_19,674,MOUTH
2363,mouth_2,674,MOUTH
2364,mouth_20,674,MOUTH
2365,mouth_3,674,MOUTH
2366,mouth_4,674,MOUTH
2367,mouth_5,674,MOUTH
2368,mouth_6,674,MOUTH
2369,mouth_7,674,MOUTH
2370,mouth_8,674,MOUTH
2371,mouth_9,674,MOUTH
2372,name_1,1405,NAME
2373,name_10,1405,NAME
2374,name_11,1405,NAME
2375,name_12,1405,NAME
2376,name_13,1405,NAME
2377,name_14,1405,NAME
2378,name_15,1405,NAME
2379,name_16,1405,NAME
2380,name_17,1405,NAME
2381,name_18,1405,NAME
2382,name_19,1405,NAME
2383,name_2,1405,NAME
2384,name_3,1405,NAME
2385,name_4,1405,NAME
2386,name_5,1405,NAME
2387,name_6,1405,NAME
2388,name_7,1405,NAME
2389,name_8,1405,NAME
2390,name_9,1405,NAME
2391,navel_1,1838,NAVEL
2392,navel_10,1838,NAVEL
2393,navel_11,1838,NAVEL
2394,navel_12,1838,NAVEL
2395,navel_13,1838,NAVEL
2396,navel_14,1838,NAVEL
2397,navel_15,1838,NAVEL
2398,navel_16,1838,NAVEL
2399,navel_17,1838,NAVEL
2400,navel_18,1838,NAVEL
2401,navel_19,1838,NAVEL
2402,navel_2,1838,NAVEL
2403,navel_20,1838,NAVEL
2404,navel_21,1838,NAVEL
2405,navel_22,1838,NAVEL
2406,navel_23,1838,NAVEL
2407,navel_24,1838,NAVEL
2408,navel_25,1838,NAVEL
2409,navel_26,1838,NAVEL
2410,navel_27,1838,NAVEL
2411,navel_28,1838,NAVEL
2412,navel_29,1838,NAVEL
2413,navel_3,1838,NAVEL
2414,navel_30,1838,NAVEL
2415,navel_31,1838,NAVEL
2416,navel_32,1838,NAVEL
2417,navel_33,1838,NAVEL
2418,navel_34,1838,NAVEL
2419,navel_35,1838,NAVEL
2420,navel_36,1838,NAVEL
2421,navel_37,1838,NAVEL
2422,navel_38,1838,NAVEL
2423,navel_39,1838,NAVEL
2424,navel_4,1838,NAVEL
2425,navel_40,1838,NAVEL
2426,navel_41,1838,NAVEL
2427,navel_42,1838,NAVEL
2428,navel_5,1838,NAVEL
2429,navel_6,1838,NAVEL
2430,navel_7,1838,NAVEL
2431,navel_8,1838,NAVEL
2432,navel_9,1838,NAVEL
2433,neck_1,1333,NECK
2434,neck_10,1333,NECK
2435,neck_11,1333,NECK
2436,neck_12,1333,NECK
2437,neck_13,1333,NECK
2438,neck_14,1333,NECK
2439,neck_15,1333,NECK
2440,neck_16,1333,NECK
2441,neck_18,1333,NECK
2442,neck_19,1333,NECK
2443,neck_2,1333,NECK
2444,neck_20,1333,NECK
2445,neck_21,1333,NECK
2446,neck_22,1333,NECK
2447,neck_23,1333,NECK
2448,neck_24,1333,NECK
2449,neck_25,1333,NECK
2450,neck_26,1333,NECK
2451,neck_27,1333,NECK
2452,neck_28,1333,NECK
2453,neck_29,1333,NECK
2454,neck_3,1333,NECK
2455,neck_30,1333,NECK
2456,neck_31,1333,NECK
2457,neck_32,1333,NECK
2458,neck_33,1333,NECK
2459,neck_34,1333,NECK
2460,neck_35,1333,NECK
2461,neck_36,1333,NECK
2462,neck_4,1333,NECK
2463,neck_5,1333,NECK
2464,neck_6,1333,NECK
2465,neck_7,1333,NECK
2466,neck_8,1333,NECK
2467,neck_9,1333,NECK
2468,night_1,1233,NIGHT
2469,night_10,1233,NIGHT
2470,night_11,1233,NIGHT
2471,night_12,1233,NIGHT
2472,night_13,1233,NIGHT
2473,night_14,1233,NIGHT
2474,night_15,1233,NIGHT
2475,night_16,1233,NIGHT
2476,night_17,1233,NIGHT
2477,night_18,1233,NIGHT
2478,night_19,1233,NIGHT
2479,night_2,1233,NIGHT
2480,night_20,1233,NIGHT
2481,night_21,1233,NIGHT
2482,night_22,1233,NIGHT
2483,night_23,1233,NIGHT
2484,night_24,1233,NIGHT
2485,night_25,1233,NIGHT
2486,night_26,1233,NIGHT
2487,night_27,1233,NIGHT
2488,night_28,1233,NIGHT
2489,night_29,1233,NIGHT
2490,night_3,1233,NIGHT
2491,night_30,1233,NIGHT
2492,night_31,1233,NIGHT
2493,night_32,1233,NIGHT
2494,night_33,1233,NIGHT
2495,night_34,1233,NIGHT
2496,night_35,1233,NIGHT
2497,night_36,1233,NIGHT
2498,night_37,1233,NIGHT
2499,night_38,1233,NIGHT
2500,night_4,1233,NIGHT
2501,night_5,1233,NIGHT
2502,night_6,1233,NIGHT
2503,night_7,1233,NIGHT
2504,night_8,1233,NIGHT
2505,night_9,1233,NIGHT
2506,nose_1,1221,NOSE
2507,nose_10,1221,NOSE
2508,nose_11,1221,NOSE
2509,nose_12,1221,NOSE
2510,nose_13,1221,NOSE
2511,nose_14,1221,NOSE
2512,nose_15,1221,NOSE
2513,nose_16,1221,NOSE
2514,nose_17,1221,NOSE
2515,nose_18,1221,NOSE
2516,nose_19,1221,NOSE
2517,nose_2,1221,NOSE
2518,nose_20,1221,NOSE
2519,nose_21,1221,NOSE
2520,nose_22,1221,NOSE
2521,nose_23,1221,NOSE
2522,nose_24,1221,NOSE
2523,nose_25,1221,NOSE
2524,nose_26,1221,NOSE
2525,nose_27,1221,NOSE
2526,nose_28,1221,NOSE
2527,nose_29,1221,NOSE
2528,nose_3,1221,NOSE
2529,nose_30,1221,NOSE
2530,nose_31,1221,NOSE
2531,nose_32,1221,NOSE
2532,nose_33,1221,NOSE
2533,nose_34,1221,NOSE
2534,nose_35,1221,NOSE
2535,nose_36,1221,NOSE
2536,nose_37,1221,NOSE
2537,nose_38,1221,NOSE
2538,nose_39,1221,NOSE
2539,nose_4,1221,NOSE
2540,nose_40,1221,NOSE
2541,nose_41,1221,NOSE
2542,nose_5,1221,NOSE
2543,nose_6,1221,NOSE
2544,nose_7,1221,NOSE
2545,nose_8,1221,NOSE
2546,nose_9,1221,NOSE
2547,one_1,1493,ONE
2548,one_10,1493,ONE
2549,one_11,1493,ONE
2550,one_12,1493,ONE
2551,one_13,1493,ONE
2552,one_14,1493,ONE
2553,one_15,1493,ONE
2554,one_16,1493,ONE
2555,one_17,1493,ONE
2556,one_18,1493,ONE
2557,one_19,1493,ONE
2558,one_2,1493,ONE
2559,one_20,1493,ONE
2560,one_21,1493,ONE
2561,one_22,1493,ONE
2562,one_23,1493,ONE
2563,one_24,1493,ONE
2564,one_25,1493,ONE
2565,one_26,1493,ONE
2566,one_27,1493,ONE
2567,one_28,1493,ONE
2568,one_29,1493,ONE
2569,one_3,1493,ONE
2570,one_30,1493,ONE
2571,one_31,1493,ONE
2572,one_32,1493,ONE
2573,one_33,1493,ONE
2574,one_34,1493,ONE
2575,one_35,1493,ONE
2576,one_36,1493,ONE
2577,one_37,1493,ONE
2578,one_38,1493,ONE
2579,one_4,1493,ONE
2580,one_5,1493,ONE
2581,one_6,1493,ONE
2582,one_7,1493,ONE
2583,one_8,1493,ONE
2584,one_9,1493,ONE
2585,person_1,683,PERSON
2586,person_11,683,PERSON
2587,person_12,683,PERSON
2588,person_13,683,PERSON
2589,person_14,683,PERSON
2590,person_15,683,PERSON
2591,person_2,683,PERSON
2592,person_3,683,PERSON
2593,person_4,683,PERSON
2594,person_5,683,PERSON
2595,person_6,683,PERSON
2596,person_7,683,PERSON
2597,person_8,683,PERSON
2598,person_9,683,PERSON
2599,rain_1,658,RAIN (PRECIPITATION)
2600,rain_10,658,RAIN (PRECIPITATION)
2601,rain_11,658,RAIN (PRECIPITATION)
2602,rain_12,658,RAIN (PRECIPITATION)
2603,rain_13,658,RAIN (PRECIPITATION)
2604,rain_15,658,RAIN (PRECIPITATION)
2605,rain_16,658,RAIN (PRECIPITATION)
2606,rain_17,658,RAIN (PRECIPITATION)
2607,rain_18,658,RAIN (PRECIPITATION)
2608,rain_19,658,RAIN (PRECIPITATION)
2609,rain_2,658,RAIN (PRECIPITATION)
2610,rain_20,658,RAIN (PRECIPITATION)
2611,rain_21,658,RAIN (PRECIPITATION)
2612,rain_22,658,RAIN (PRECIPITATION)
2613,rain_23,658,RAIN (PRECIPITATION)
2614,rain_24,658,RAIN (PRECIPITATION)
2615,rain_25,658,RAIN (PRECIPITATION)
2616,rain_3,658,RAIN (PRECIPITATION)
2617,rain_4,658,RAIN (PRECIPITATION)
2618,rain_5,658,RAIN (PRECIPITATION)
2619,rain_6,658,RAIN (PRECIPITATION)
2620,rain_7,658,RAIN (PRECIPITATION)
2621,rain_8,658,RAIN (PRECIPITATION)
2622,rain_9,658,RAIN (PRECIPITATION)
2623,roadpath_1,667,ROAD
2624,roadpath_10,667,ROAD
2625,roadpath_11,667,ROAD
2626,roadpath_12,667,ROAD
2627,roadpath_13,667,ROAD
2628,roadpath_14,667,ROAD
2629,roadpath_15,667,ROAD
2630,roadpath_16,667,ROAD
2631,roadpath_17,667,ROAD
2632,roadpath_18,667,ROAD
2633,roadpath_19,667,ROAD
2634,roadpath_2,667,ROAD
2635,roadpath_20,667,ROAD
2636,roadpath_21,667,ROAD
2637,roadpath_22,667,ROAD
2638,roadpath_23,667,ROAD
2639,roadpath_24,667,ROAD
2640,roadpath_25,667,ROAD
2641,roadpath_26,667,ROAD
2642,roadpath_27,667,ROAD
2643,roadpath_28,667,ROAD
2644,roadpath_29,667,ROAD
2645,roadpath_3,667,ROAD
2646,roadpath_30,667,ROAD
2647,roadpath_31,667,ROAD
2648,roadpath_32,667,ROAD
2649,roadpath_33,667,ROAD
2650,roadpath_34,667,ROAD
2651,roadpath_35,667,ROAD
2652,roadpath_36,667,ROAD
2653,roadpath_37,667,ROAD
2654,roadpath_38,667,ROAD
2655,roadpath_39,667,ROAD
2656,roadpath_4,667,ROAD
2657,roadpath_40,667,ROAD
2658,roadpath_41,667,ROAD
2659,roadpath_42,667,ROAD
2660,roadpath_43,667,ROAD
2661,roadpath_44,667,ROAD
2662,roadpath_45,667,ROAD
2663,roadpath_46,667,ROAD
2664,roadpath_5,667,ROAD
2665,roadpath_6,667,ROAD
2666,roadpath_7,667,ROAD
2667,roadpath_8,667,ROAD
2668,roadpath_9,667,ROAD
2669,root_1,670,ROOT
2670,root_10,670,ROOT
2671,root_11,670,ROOT
2672,root_12,670,ROOT
2673,root_13,670,ROOT
2674,root_14,670,ROOT
2675,root_15,670,ROOT
2676,root_16,670,ROOT
2677,root_17,670,ROOT
2678,root_18,670,ROOT
2679,root_19,670,ROOT
2680,root_2,670,ROOT
2681,root_20,670,ROOT
2682,root_21,670,ROOT
2683,root_22,670,ROOT
2684,root_23,670,ROOT
2685,root_24,670,ROOT
2686,root_25,670,ROOT
2687,root_26,670,ROOT
2688,root_27,670,ROOT
2689,root_28,670,ROOT
2690,root_29,670,ROOT
2691,root_3,670,ROOT
2692,root_30,670,ROOT
2693,root_31,670,ROOT
2694,root_32,670,ROOT
2695,root_33,670,ROOT
2696,root_34,670,ROOT
2697,root_35,670,ROOT
2698,root_36,670,ROOT
2699,root_37,670,ROOT
2700,root_38,670,ROOT
2701,root_39,670,ROOT
2702,root_4,670,ROOT
2703,root_40,670,ROOT
2704,root_41,670,ROOT
2705,root_42,670,ROOT
2706,root_43,670,ROOT
2707,root_44,670,ROOT
2708,root_45,670,ROOT
2709,root_46,670,ROOT
2710,root_47,670,ROOT
2711,root_48,670,ROOT
2712,root_49,670,ROOT
2713,root_5,670,ROOT
2714,root_50,670,ROOT
2715,root_51,670,ROOT
2716,root_52,670,ROOT
2717,root_53,670,ROOT
2718,root_54,670,ROOT
2719,root_55,670,ROOT
2720,root_56,670,ROOT
2721,root_57,670,ROOT
2722,root_58,670,ROOT
2723,root_59,670,ROOT
2724,root_6,670,ROOT
2725,root_7,670,ROOT
2726,root_8,670,ROOT
2727,root_9,670,ROOT
2728,salt_1,1274,SALT
2729,salt_10,1274,SALT
2730,salt_11,1274,SALT
2731,salt_12,1274,SALT
2732,salt_13,1274,SALT
2733,salt_14,1274,SALT
2734,salt_15,1274,SALT
2735,salt_16,1274,SALT
2736,salt_17,1274,SALT
2737,salt_18,1274,SALT
2738,salt_19,1274,SALT
2739,salt_2,1274,SALT
2740,salt_20,1274,SALT
2741,salt_21,1274,SALT
2742,salt_22,1274,SALT
2743,salt_23,1274,SALT
2744,salt_24,1274,SALT
2745,salt_25,1274,SALT
2746,salt_26,1274,SALT
2747,salt_27,1274,SALT
2748,salt_28,1274,SALT
2749,salt_29,1274,SALT
2750,salt_3,1274,SALT
2751,salt_30,1274,SALT
2752,salt_31,1274,SALT
2753,salt_32,1274,SALT
2754,salt_33,1274,SALT
2755,salt_34,1274,SALT
2756,salt_35,1274,SALT
2757,salt_36,1274,SALT
2758,salt_37,1274,SALT
2759,salt_38,1274,SALT
2760,salt_4,1274,SALT
2761,salt_5,1274,SALT
2762,salt_6,1274,SALT
2763,salt_7,1274,SALT
2764,salt_8,1274,SALT
2765,salt_9,1274,SALT
2766,sand_1,671,SAND
2767,sand_10,671,SAND
2768,sand_11,671,SAND
2769,sand_12,671,SAND
2770,sand_13,671,SAND
2771,sand_14,671,SAND
2772,sand_15,671,SAND
2773,sand_16,671,SAND
2774,sand_17,671,SAND
2775,sand_18,671,SAND
2776,sand_19,671,SAND
2777,sand_2,671,SAND
2778,sand_20,671,SAND
2779,sand_21,671,SAND
2780,sand_22,671,SAND
2781,sand_23,671,SAND
2782,sand_24,671,SAND
2783,sand_25,671,SAND
2784,sand_26,671,SAND
2785,sand_27,671,SAND
2786,sand_28,671,SAND
2787,sand_29,671,SAND
2788,sand_3,671,SAND
2789,sand_30,671,SAND
2790,sand_31,671,SAND
2791,sand_32,671,SAND
2792,sand_33,671,SAND
2793,sand_34,671,SAND
2794,sand_35,671,SAND
2795,sand_36,671,SAND
2796,sand_37,671,SAND
2797,sand_38,671,SAND
2798,sand_39,671,SAND
2799,sand_4,671,SAND
2800,sand_40,671,SAND
2801,sand_41,671,SAND
2802,sand_42,671,SAND
2803,sand_43,671,SAND
2804,sand_44,671,SAND
2805,sand_45,671,SAND
2806,sand_5,671,SAND
2807,sand_6,671,SAND
2808,sand_7,671,SAND
2809,sand_8,671,SAND
2810,sand_9,671,SAND
2811,see_1,1409,SEE
2812,see_10,1409,SEE
2813,see_11,1409,SEE
2814,see_12,1409,SEE
2815,see_13,1409,SEE
2816,see_14,1409,SEE
2817,see_15,1409,SEE
2818,see_16,1409,SEE
2819,see_17,1409,SEE
2820,see_18,1409,SEE
2821,see_19,1409,SEE
2822,see_2,1409,SEE
2823,see_20,1409,SEE
2824,see_21,1409,SEE
2825,see_22,1409,SEE
2826,see_23,1409,SEE
2827,see_24,1409,SEE
2828,see_25,1409,SEE
2829,see_26,1409,SEE
2830,see_27,1409,SEE
2831,see_28,1409,SEE
2832,see_29,1409,SEE
2833,see_3,1409,SEE
2834,see_30,1409,SEE
2835,see_31,1409,SEE
2836,see_32,1409,SEE
2837,see_33,1409,SEE
2838,see_34,1409,SEE
2839,see_35,1409,SEE
2840,see_36,1409,SEE
2841,see_37,1409,SEE
2842,see_4,1409,SEE
2843,see_5,1409,SEE
2844,see_6,1409,SEE
2845,see_7,1409,SEE
2846,see_8,1409,SEE
2847,see_9,1409,SEE
2848,send_1,1127,SEND
2849,send_10,1127,SEND
2850,send_11,1127,SEND
2851,send_12,1127,SEND
2852,send_13,1127,SEND
2853,send_14,1127,SEND
2854,send_15,1127,SEND
2855,send_16,1127,SEND
2856,send_17,1127,SEND
2857,send_18,1127,SEND
2858,send_19,1127,SEND
2859,send_2,1127,SEND
2860,send_20,1127,SEND
2861,send_21,1127,SEND
2862,send_22,1127,SEND
2863,send_23,1127,SEND
2864,send_24,1127,SEND
2865,send_3,1127,SEND
2866,send_4,1127,SEND
2867,send_5,1127,SEND
2868,send_6,1127,SEND
2869,send_7,1127,SEND
2870,send_8,1127,SEND
2871,send_9,1127,SEND
2872,shame_1,1776,SHAME
2873,shame_10,1776,SHAME
2874,shame_11,1776,SHAME
2875,shame_12,1776,SHAME
2876,shame_13,1776,SHAME
2877,shame_14,1776,SHAME
2878,shame_15,1776,SHAME
2879,shame_16,1776,SHAME
2880,shame_17,1776,SHAME
2881,shame_18,1776,SHAME
2882,shame_19,1776,SHAME
2883,shame_2,1776,SHAME
2884,shame_20,1776,SHAME
2885,shame_21,1776,SHAME
2886,shame_22,1776,SHAME
2887,shame_23,1776,SHAME
2888,shame_24,1776,SHAME
2889,shame_25,1776,SHAME
2890,shame_3,1776,SHAME
2891,shame_4,1776,SHAME
2892,shame_5,1776,SHAME
2893,shame_6,1776,SHAME
2894,shame_7,1776,SHAME
2895,shame_8,1776,SHAME
2896,shame_9,1776,SHAME
2897,sing_1,1261,SING
2898,sing_10,1261,SING
2899,sing_11,1261,SING
2900,sing_12,1261,SING
2901,sing_13,1261,SING
2902,sing_14,1261,SING
2903,sing_15,1261,SING
2904,sing_16,1261,SING
2905,sing_17,1261,SING
2906,sing_18,1261,SING
2907,sing_19,1261,SING
2908,sing_2,1261,SING
2909,sing_20,1261,SING
2910,sing_21,1261,SING
2911,sing_22,1261,SING
2912,sing_23,1261,SING
2913,sing_24,1261,SING
2914,sing_25,1261,SING
2915,sing_26,1261,SING
2916,sing_27,1261,SING
2917,sing_28,1261,SING
2918,sing_29,1261,SING
2919,sing_3,1261,SING
2920,sing_30,1261,SING
2921,sing_31,1261,SING
2922,sing_32,1261,SING
2923,sing_33,1261,SING
2924,sing_34,1261,SING
2925,sing_35,1261,SING
2926,sing_36,1261,SING
2927,sing_37,1261,SING
2928,sing_38,1261,SING
2929,sing_39,1261,SING
2930,sing_4,1261,SING
2931,sing_40,1261,SING
2932,sing_41,1261,SING
2933,sing_42,1261,SING
2934,sing_43,1261,SING
2935,sing_44,1261,SING
2936,sing_45,1261,SING
2937,sing_5,1261,SING
2938,sing_6,1261,SING
2939,sing_7,1261,SING
2940,sing_8,1261,SING
2941,sing_9,1261,SING
2942,skin_1,763,SKIN
2943,skin_10,763,SKIN
2944,skin_11,763,SKIN
2945,skin_12,763,SKIN
2946,skin_13,763,SKIN
2947,skin_14,763,SKIN
2948,skin_15,763,SKIN
2949,skin_16,763,SKIN
2950,skin_17,763,SKIN
2951,skin_18,763,SKIN
2952,skin_19,763,SKIN
2953,skin_2,763,SKIN
2954,skin_20,763,SKIN
2955,skin_21,763,SKIN
2956,skin_22,763,SKIN
2957,skin_23,763,SKIN
2958,skin_24,763,SKIN
2959,skin_25,763,SKIN
2960,skin_26,763,SKIN
2961,skin_27,763,SKIN
2962,skin_28,763,SKIN
2963,skin_29,763,SKIN
2964,skin_3,763,SKIN
2965,skin_30,763,SKIN
2966,skin_31,763,SKIN
2967,skin_32,763,SKIN
2968,skin_33,763,SKIN
2969,skin_34,763,SKIN
2970,skin_35,763,SKIN
2971,skin_36,763,SKIN
2972,skin_37,763,SKIN
2973,skin_38,763,SKIN
2974,skin_39,763,SKIN
2975,skin_4,763,SKIN
2976,skin_40,763,SKIN
2977,skin_41,763,SKIN
2978,skin_42,763,SKIN
2979,skin_43,763,SKIN
2980,skin_44,763,SKIN
2981,skin_45,763,SKIN
2982,skin_46,763,SKIN
2983,skin_47,763,SKIN
2984,skin_48,763,SKIN
2985,skin_49,763,SKIN
2986,skin_5,763,SKIN
2987,skin_50,763,SKIN
2988,skin_51,763,SKIN
2989,skin_52,763,SKIN
2990,skin_53,763,SKIN
2991,skin_54,763,SKIN
2992,skin_55,763,SKIN
2993,skin_56,763,SKIN
2994,skin_57,763,SKIN
2995,skin_58,763,SKIN
2996,skin_59,763,SKIN
2997,skin_6,763,SKIN
2998,skin_60,763,SKIN
2999,skin_61,763,SKIN
3000,skin_62,763,SKIN
3001,skin_63,763,SKIN
3002,skin_7,763,SKIN
3003,skin_8,763,SKIN
3004,skin_9,763,SKIN
3005,sky_1,1732,SKY
3006,sky_10,1732,SKY
3007,sky_11,1732,SKY
3008,sky_12,1732,SKY
3009,sky_13,1732,SKY
3010,sky_14,1732,SKY
3011,sky_15,1732,SKY
3012,sky_16,1732,SKY
3013,sky_17,1732,SKY
3014,sky_18,1732,SKY
3015,sky_19,1732,SKY
3016,sky_2,1732,SKY
3017,sky_20,1732,SKY
3018,sky_21,1732,SKY
3019,sky_22,1732,SKY
3020,sky_23,1732,SKY
3021,sky_24,1732,SKY
3022,sky_25,1732,SKY
3023,sky_26,1732,SKY
3024,sky_27,1732,SKY
3025,sky_28,1732,SKY
3026,sky_29,1732,SKY
3027,sky_3,1732,SKY
3028,sky_30,1732,SKY
3029,sky_31,1732,SKY
3030,sky_32,1732,SKY
3031,sky_33,1732,SKY
3032,sky_34,1732,SKY
3033,sky_35,1732,SKY
3034,sky_36,1732,SKY
3035,sky_37,1732,SKY
3036,sky_38,1732,SKY
3037,sky_39,1732,SKY
3038,sky_4,1732,SKY
3039,sky_40,1732,SKY
3040,sky_41,1732,SKY
3041,sky_42,1732,SKY
3042,sky_43,1732,SKY
3043,sky_44,1732,SKY
3044,sky_45,1732,SKY
3045,sky_46,1732,SKY
3046,sky_47,1732,SKY
3047,sky_48,1732,SKY
3048,sky_49,1732,SKY
3049,sky_5,1732,SKY
3050,sky_50,1732,SKY
3051,sky_51,1732,SKY
3052,sky_52,1732,SKY
3053,sky_53,1732,SKY
3054,sky_6,1732,SKY
3055,sky_7,1732,SKY
3056,sky_8,1732,SKY
3057,sky_9,1732,SKY
3058,sleep_1,2972,SLEEP (STATE)
3059,sleep_10,2972,SLEEP (STATE)
3060,sleep_11,2972,SLEEP (STATE)
3061,sleep_12,2972,SLEEP (STATE)
3062,sleep_13,2972,SLEEP (STATE)
3063,sleep_14,2972,SLEEP (STATE)
3064,sleep_15,2972,SLEEP (STATE)
3065,sleep_16,2972,SLEEP (STATE)
3066,sleep_17,2972,SLEEP (STATE)
3067,sleep_18,2972,SLEEP (STATE)
3068,sleep_19,2972,SLEEP (STATE)
3069,sleep_2,2972,SLEEP (STATE)
3070,sleep_20,2972,SLEEP (STATE)
3071,sleep_21,2972,SLEEP (STATE)
3072,sleep_22,2972,SLEEP (STATE)
3073,sleep_23,2972,SLEEP (STATE)
3074,sleep_24,2972,SLEEP (STATE)
3075,sleep_25,2972,SLEEP (STATE)
3076,sleep_26,2972,SLEEP (STATE)
3077,sleep_27,2972,SLEEP (STATE)
3078,sleep_28,2972,SLEEP (STATE)
3079,sleep_29,2972,SLEEP (STATE)
3080,sleep_3,2972,SLEEP (STATE)
3081,sleep_30,2972,SLEEP (STATE)
3082,sleep_31,2972,SLEEP (STATE)
3083,sleep_32,2972,SLEEP (STATE)
3084,sleep_33,2972,SLEEP (STATE)
3085,sleep_34,2972,SLEEP (STATE)
3086,sleep_35,2972,SLEEP (STATE)
3087,sleep_36,2972,SLEEP (STATE)
3088,sleep_37,2972,SLEEP (STATE)
3089,sleep_38,2972,SLEEP (STATE)
3090,sleep_39,2972,SLEEP (STATE)
3091,sleep_4,2972,SLEEP (STATE)
3092,sleep_40,2972,SLEEP (STATE)
3093,sleep_41,2972,SLEEP (STATE)
3094,sleep_5,2972,SLEEP (STATE)
3095,sleep_6,2972,SLEEP (STATE)
3096,sleep_7,2972,SLEEP (STATE)
3097,sleep_8,2972,SLEEP (STATE)
3098,sleep_9,2972,SLEEP (STATE)
3099,smoke_1,778,SMOKE (EXHAUST)
3100,smoke_10,778,SMOKE (EXHAUST)
3101,smoke_11,778,SMOKE (EXHAUST)
3102,smoke_12,778,SMOKE (EXHAUST)
3103,smoke_13,778,SMOKE (EXHAUST)
3104,smoke_14,778,SMOKE (EXHAUST)
3105,smoke_15,778,SMOKE (EXHAUST)
3106,smoke_16,778,SMOKE (EXHAUST)
3107,smoke_17,778,SMOKE (EXHAUST)
3108,smoke_18,778,SMOKE (EXHAUST)
3109,smoke_19,778,SMOKE (EXHAUST)
3110,smoke_2,778,SMOKE (EXHAUST)
3111,smoke_20,778,SMOKE (EXHAUST)
3112,smoke_21,778,SMOKE (EXHAUST)
3113,smoke_22,778,SMOKE (EXHAUST)
3114,smoke_23,778,SMOKE (EXHAUST)
3115,smoke_24,778,SMOKE (EXHAUST)
3116,smoke_25,778,SMOKE (EXHAUST)
3117,smoke_26,778,SMOKE (EXHAUST)
3118,smoke_27,778,SMOKE (EXHAUST)
3119,smoke_28,778,SMOKE (EXHAUST)
3120,smoke_29,778,SMOKE (EXHAUST)
3121,smoke_3,778,SMOKE (EXHAUST)
3122,smoke_30,778,SMOKE (EXHAUST)
3123,smoke_31,778,SMOKE (EXHAUST)
3124,smoke_32,778,SMOKE (EXHAUST)
3125,smoke_33,778,SMOKE (EXHAUST)
3126,smoke_34,778,SMOKE (EXHAUST)
3127,smoke_35,778,SMOKE (EXHAUST)
3128,smoke_36,778,SMOKE (EXHAUST)
3129,smoke_37,778,SMOKE (EXHAUST)
3130,smoke_38,778,SMOKE (EXHAUST)
3131,smoke_39,778,SMOKE (EXHAUST)
3132,smoke_4,778,SMOKE (EXHAUST)
3133,smoke_40,778,SMOKE (EXHAUST)
3134,smoke_41,778,SMOKE (EXHAUST)
3135,smoke_5,778,SMOKE (EXHAUST)
3136,smoke_6,778,SMOKE (EXHAUST)
3137,smoke_7,778,SMOKE (EXHAUST)
3138,smoke_8,778,SMOKE (EXHAUST)
3139,smoke_9,778,SMOKE (EXHAUST)
3140,snake_1,730,SNAKE
3141,snake_10,730,SNAKE
3142,snake_11,730,SNAKE
3143,snake_12,730,SNAKE
3144,snake_13,730,SNAKE
3145,snake_14,730,SNAKE
3146,snake_15,730,SNAKE
3147,snake_16,730,SNAKE
3148,snake_17,730,SNAKE
3149,snake_18,730,SNAKE
3150,snake_19,730,SNAKE
3151,snake_2,730,SNAKE
3152,snake_20,730,SNAKE
3153,snake_21,730,SNAKE
3154,snake_22,730,SNAKE
3155,snake_23,730,SNAKE
3156,snake_24,730,SNAKE
3157,snake_25,730,SNAKE
3158,snake_26,730,SNAKE
3159,snake_27,730,SNAKE
3160,snake_28,730,SNAKE
3161,snake_29,730,SNAKE
3162,snake_3,730,SNAKE
3163,snake_30,730,SNAKE
3164,snake_31,730,SNAKE
3165,snake_32,730,SNAKE
3166,snake_33,730,SNAKE
3167,snake_34,730,SNAKE
3168,snake_35,730,SNAKE
3169,snake_4,730,SNAKE
3170,snake_5,730,SNAKE
3171,snake_6,730,SNAKE
3172,snake_7,730,SNAKE
3173,snake_8,730,SNAKE
3174,snake_9,730,SNAKE
3175,spear_1,945,SPEAR
3176,spear_10,945,SPEAR
3177,spear_11,945,SPEAR
3178,spear_12,945,SPEAR
3179,spear_13,945,SPEAR
3180,spear_14,945,SPEAR
3181,spear_15,945,SPEAR
3182,spear_16,945,SPEAR
3183,spear_17,945,SPEAR
3184,spear_18,945,SPEAR
3185,spear_19,945,SPEAR
3186,spear_2,945,SPEAR
3187,spear_20,945,SPEAR
3188,spear_21,945,SPEAR
3189,spear_22,945,SPEAR
3190,spear_23,945,SPEAR
3191,spear_24,945,SPEAR
3192,spear_25,945,SPEAR
3193,spear_26,945,SPEAR
3194,spear_27,945,SPEAR
3195,spear_28,945,SPEAR
3196,spear_3,945,SPEAR
3197,spear_4,945,SPEAR
3198,spear_5,945,SPEAR
3199,spear_6,945,SPEAR
3200,spear_8,945,SPEAR
3201,spear_9,945,SPEAR
3202,steal_1,713,STEAL
3203,steal_10,713,STEAL
3204,steal_11,713,STEAL
3205,steal_12,713,STEAL
3206,steal_13,713,STEAL
3207,steal_14,713,STEAL
3208,steal_15,713,STEAL
3209,steal_16,713,STEAL
3210,steal_17,713,STEAL
3211,steal_18,713,STEAL
3212,steal_19,713,STEAL
3213,steal_2,713,STEAL
3214,steal_20,713,STEAL
3215,steal_21,713,STEAL
3216,steal_22,713,STEAL
3217,steal_23,713,STEAL
3218,steal_24,713,STEAL
3219,steal_25,713,STEAL
3220,steal_26,713,STEAL
3221,steal_27,713,STEAL
3222,steal_3,713,STEAL
3223,steal_4,713,STEAL
3224,steal_5,713,STEAL
3225,steal_6,713,STEAL
3226,steal_7,713,STEAL
3227,steal_8,713,STEAL
3228,steal_9,713,STEAL
3229,stone_1,857,STONE
3230,stone_10,857,STONE
3231,stone_11,857,STONE
3232,stone_12,857,STONE
3233,stone_13,857,STONE
3234,stone_14,857,STONE
3235,stone_15,857,STONE
3236,stone_16,857,STONE
3237,stone_17,857,STONE
3238,stone_18,857,STONE
3239,stone_19,857,STONE
3240,stone_2,857,STONE
3241,stone_20,857,STONE
3242,stone_21,857,STONE
3243,stone_22,857,STONE
3244,stone_23,857,STONE
3245,stone_24,857,STONE
3246,stone_25,857,STONE
3247,stone_26,857,STONE
3248,stone_27,857,STONE
3249,stone_28,857,STONE
3250,stone_29,857,STONE
3251,stone_3,857,STONE
3252,stone_30,857,STONE
3253,stone_31,857,STONE
3254,stone_32,857,STONE
3255,stone_33,857,STONE
3256,stone_34,857,STONE
3257,stone_35,857,STONE
3258,stone_36,857,STONE
3259,stone_37,857,STONE
3260,stone_38,857,STONE
3261,stone_39,857,STONE
3262,stone_4,857,STONE
3263,stone_40,857,STONE
3264,stone_41,857,STONE
3265,stone_5,857,STONE
3266,stone_6,857,STONE
3267,stone_7,857,STONE
3268,stone_8,857,STONE
3269,stone_9,857,STONE
3270,sun_1,1343,SUN
3271,sun_10,1343,SUN
3272,sun_11,1343,SUN
3273,sun_12,1343,SUN
3274,sun_13,1343,SUN
3275,sun_14,1343,SUN
3276,sun_15,1343,SUN
3277,sun_16,1343,SUN
3278,sun_17,1343,SUN
3279,sun_18,1343,SUN
3280,sun_19,1343,SUN
3281,sun_2,1343,SUN
3282,sun_20,1343,SUN
3283,sun_21,1343,SUN
3284,sun_22,1343,SUN
3285,sun_23,1343,SUN
3286,sun_24,1343,SUN
3287,sun_25,1343,SUN
3288,sun_26,1343,SUN
3289,sun_27,1343,SUN
3290,sun_28,1343,SUN
3291,sun_29,1343,SUN
3292,sun_3,1343,SUN
3293,sun_30,1343,SUN
3294,sun_31,1343,SUN
3295,sun_32,1343,SUN
3296,sun_33,1343,SUN
3297,sun_34,1343,SUN
3298,sun_35,1343,SUN
3299,sun_36,1343,SUN
3300,sun_37,1343,SUN
3301,sun_38,1343,SUN
3302,sun_39,1343,SUN
3303,sun_4,1343,SUN
3304,sun_40,1343,SUN
3305,sun_41,1343,SUN
3306,sun_42,1343,SUN
3307,sun_43,1343,SUN
3308,sun_44,1343,SUN
3309,sun_45,1343,SUN
3310,sun_46,1343,SUN
3311,sun_47,1343,SUN
3312,sun_48,1343,SUN
3313,sun_49,1343,SUN
3314,sun_5,1343,SUN
3315,sun_50,1343,SUN
3316,sun_51,1343,SUN
3317,sun_52,1343,SUN
3318,sun_53,1343,SUN
3319,sun_54,1343,SUN
3320,sun_55,1343,SUN
3321,sun_56,1343,SUN
3322,sun_57,1343,SUN
3323,sun_58,1343,SUN
3324,sun_59,1343,SUN
3325,sun_6,1343,SUN
3326,sun_60,1343,SUN
3327,sun_61,1343,SUN
3328,sun_62,1343,SUN
3329,sun_63,1343,SUN
3330,sun_64,1343,SUN
3331,sun_65,1343,SUN
3332,sun_7,1343,SUN
3333,sun_8,1343,SUN
3334,sun_9,1343,SUN
3335,tail_1,1220,TAIL
3336,tail_10,1220,TAIL
3337,tail_11,1220,TAIL
3338,tail_12,1220,TAIL
3339,tail_13,1220,TAIL
3340,tail_14,1220,TAIL
3341,tail_15,1220,TAIL
3342,tail_16,1220,TAIL
3343,tail_17,1220,TAIL
3344,tail_18,1220,TAIL
3345,tail_19,1220,TAIL
3346,tail_2,1220,TAIL
3347,tail_20,1220,TAIL
3348,tail_21,1220,TAIL
3349,tail_22,1220,TAIL
3350,tail_23,1220,TAIL
3351,tail_24,1220,TAIL
3352,tail_25,1220,TAIL
3353,tail_26,1220,TAIL
3354,tail_27,1220,TAIL
3355,tail_28,1220,TAIL
3356,tail_29,1220,TAIL
3357,tail_3,1220,TAIL
3358,tail_30,1220,TAIL
3359,tail_31,1220,TAIL
3360,tail_32,1220,TAIL
3361,tail_33,1220,TAIL
3362,tail_34,1220,TAIL
3363,tail_35,1220,TAIL
3364,tail_36,1220,TAIL
3365,tail_37,1220,TAIL
3366,tail_38,1220,TAIL
3367,tail_39,1220,TAIL
3368,tail_4,1220,TAIL
3369,tail_40,1220,TAIL
3370,tail_41,1220,TAIL
3371,tail_42,1220,TAIL
3372,tail_5,1220,TAIL
3373,tail_6,1220,TAIL
3374,tail_7,1220,TAIL
3375,tail_8,1220,TAIL
3376,tail_9,1220,TAIL
3377,ten_1,1515,TEN
3378,ten_10,1515,TEN
3379,ten_11,1515,TEN
3380,ten_12,1515,TEN
3381,ten_13,1515,TEN
3382,ten_14,1515,TEN
3383,ten_15,1515,TEN
3384,ten_16,1515,TEN
3385,ten_17,1515,TEN
3386,ten_18,1515,TEN
3387,ten_19,1515,TEN
3388,ten_2,1515,TEN
3389,ten_3,1515,TEN
3390,ten_4,1515,TEN
3391,ten_5,1515,TEN
3392,ten_6,1515,TEN
3393,ten_7,1515,TEN
3394,ten_8,1515,TEN
3395,ten_9,1515,TEN
3396,three_1,492,THREE
3397,three_2,492,THREE
3398,three_3,492,THREE
3399,three_4,492,THREE
3400,three_5,492,THREE
3401,three_6,492,THREE
3402,three_7,492,THREE
3403,tongue_1,1205,TONGUE
3404,tongue_10,1205,TONGUE
3405,tongue_11,1205,TONGUE
3406,tongue_12,1205,TONGUE
3407,tongue_13,1205,TONGUE
3408,tongue_14,1205,TONGUE
3409,tongue_15,1205,TONGUE
3410,tongue_16,1205,TONGUE
3411,tongue_17,1205,TONGUE
3412,tongue_18,1205,TONGUE
3413,tongue_19,1205,TONGUE
3414,tongue_2,1205,TONGUE
3415,tongue_20,1205,TONGUE
3416,tongue_3,1205,TONGUE
3417,tongue_4,1205,TONGUE
3418,tongue_5,1205,TONGUE
3419,tongue_6,1205,TONGUE
3420,tongue_7,1205,TONGUE
3421,tongue_8,1205,TONGUE
3422,tongue_9,1205,TONGUE
3423,tooth_1,1380,TOOTH
3424,tooth_2,1380,TOOTH
3425,tooth_3,1380,TOOTH
3426,tooth_4,1380,TOOTH
3427,tooth_5,1380,TOOTH
3428,tooth_6,1380,TOOTH
3429,tree_1,906,TREE
3430,tree_10,906,TREE
3431,tree_11,906,TREE
3432,tree_12,906,TREE
3433,tree_13,906,TREE
3434,tree_14,906,TREE
3435,tree_15,906,TREE
3436,tree_16,906,TREE
3437,tree_17,906,TREE
3438,tree_18,906,TREE
3439,tree_19,906,TREE
3440,tree_2,906,TREE
3441,tree_20,906,TREE
3442,tree_22,906,TREE
3443,tree_23,906,TREE
3444,tree_24,906,TREE
3445,tree_25,906,TREE
3446,tree_26,906,TREE
3447,tree_27,906,TREE
3448,tree_28,906,TREE
3449,tree_29,906,TREE
3450,tree_3,906,TREE
3451,tree_30,906,TREE
3452,tree_31,906,TREE
3453,tree_32,906,TREE
3454,tree_33,906,TREE
3455,tree_34,906,TREE
3456,tree_35,906,TREE
3457,tree_36,906,TREE
3458,tree_37,906,TREE
3459,tree_38,906,TREE
3460,tree_39,906,TREE
3461,tree_4,906,TREE
3462,tree_40,906,TREE
3463,tree_41,906,TREE
3464,tree_5,906,TREE
3465,tree_6,906,TREE
3466,tree_7,906,TREE
3467,tree_8,906,TREE
3468,tree_9,906,TREE
3469,two_1,1498,TWO
3470,two_10,1498,TWO
3471,two_11,1498,TWO
3472,two_12,1498,TWO
3473,two_14,1498,TWO
3474,two_15,1498,TWO
3475,two_16,1498,TWO
3476,two_17,1498,TWO
3477,two_18,1498,TWO
3478,two_19,1498,TWO
3479,two_2,1498,TWO
3480,two_3,1498,TWO
3481,two_4,1498,TWO
3482,two_5,1498,TWO
3483,two_6,1498,TWO
3484,two_7,1498,TWO
3485,two_8,1498,TWO
3486,two_9,1498,TWO
3487,urine_1,1142,URINE
3488,urine_10,1142,URINE
3489,urine_11,1142,URINE
3490,urine_12,1142,URINE
3491,urine_13,1142,URINE
3492,urine_14,1142,URINE
3493,urine_15,1142,URINE
3494,urine_16,1142,URINE
3495,urine_17,1142,URINE
3496,urine_18,1142,URINE
3497,urine_19,1142,URINE
3498,urine_2,1142,URINE
3499,urine_20,1142,URINE
3500,urine_21,1142,URINE
3501,urine_22,1142,URINE
3502,urine_23,1142,URINE
3503,urine_24,1142,URINE
3504,urine_25,1142,URINE
3505,urine_26,1142,URINE
3506,urine_27,1142,URINE
3507,urine_28,1142,URINE
3508,urine_29,1142,URINE
3509,urine_3,1142,URINE
3510,urine_30,1142,URINE
3511,urine_31,1142,URINE
3512,urine_4,1142,URINE
3513,urine_5,1142,URINE
3514,urine_6,1142,URINE
3515,urine_7,1142,URINE
3516,urine_8,1142,URINE
3517,urine_9,1142,URINE
3518,village_1,930,VILLAGE
3519,village_10,930,VILLAGE
3520,village_11,930,VILLAGE
3521,village_12,930,VILLAGE
3522,village_13,930,VILLAGE
3523,village_14,930,VILLAGE
3524,village_15,930,VILLAGE
3525,village_16,930,VILLAGE
3526,village_17,930,VILLAGE
3527,village_18,930,VILLAGE
3528,village_19,930,VILLAGE
3529,village_2,930,VILLAGE
3530,village_20,930,VILLAGE
3531,village_21,930,VILLAGE
3532,village_22,930,VILLAGE
3533,village_23,930,VILLAGE
3534,village_24,930,VILLAGE
3535,village_25,930,VILLAGE
3536,village_26,930,VILLAGE
3537,village_27,930,VILLAGE
3538,village_28,930,VILLAGE
3539,village_29,930,VILLAGE
3540,village_3,930,VILLAGE
3541,village_30,930,VILLAGE
3542,village_31,930,VILLAGE
3543,village_32,930,VILLAGE
3544,village_33,930,VILLAGE
3545,village_35,930,VILLAGE
3546,village_36,930,VILLAGE
3547,village_37,930,VILLAGE
3548,village_38,930,VILLAGE
3549,village_39,930,VILLAGE
3550,village_4,930,VILLAGE
3551,village_40,930,VILLAGE
3552,village_41,930,VILLAGE
3553,village_42,930,VILLAGE
3554,village_43,930,VILLAGE
3555,village_44,930,VILLAGE
3556,village_45,930,VILLAGE
3557,village_46,930,VILLAGE
3558,village_47,930,VILLAGE
3559,village_48,930,VILLAGE
3560,village_49,930,VILLAGE
3561,village_5,930,VILLAGE
3562,village_50,930,VILLAGE
3563,village_51,930,VILLAGE
3564,village_52,930,VILLAGE
3565,village_53,930,VILLAGE
3566,village_54,930,VILLAGE
3567,village_55,930,VILLAGE
3568,village_56,930,VILLAGE
3569,village_57,930,VILLAGE
3570,village_58,930,VILLAGE
3571,village_59,930,VILLAGE
3572,village_6,930,VILLAGE
3573,village_60,930,VILLAGE
3574,village_61,930,VILLAGE
3575,village_62,930,VILLAGE
3576,village_63,930,VILLAGE
3577,village_64,930,VILLAGE
3578,village_65,930,VILLAGE
3579,village_66,930,VILLAGE
3580,village_67,930,VILLAGE
3581,village_68,930,VILLAGE
3582,village_7,930,VILLAGE
3583,village_8,930,VILLAGE
3584,village_9,930,VILLAGE
3585,vomit_1,1278,VOMIT
3586,vomit_10,1278,VOMIT
3587,vomit_11,1278,VOMIT
3588,vomit_12,1278,VOMIT
3589,vomit_13,1278,VOMIT
3590,vomit_14,1278,VOMIT
3591,vomit_15,1278,VOMIT
3592,vomit_16,1278,VOMIT
3593,vomit_17,1278,VOMIT
3594,vomit_18,1278,VOMIT
3595,vomit_19,1278,VOMIT
3596,vomit_2,1278,VOMIT
3597,vomit_20,1278,VOMIT
3598,vomit_21,1278,VOMIT
3599,vomit_22,1278,VOMIT
3600,vomit_23,1278,VOMIT
3601,vomit_24,1278,VOMIT
3602,vomit_25,1278,VOMIT
3603,vomit_26,1278,VOMIT
3604,vomit_27,1278,VOMIT
3605,vomit_28,1278,VOMIT
3606,vomit_29,1278,VOMIT
3607,vomit_3,1278,VOMIT
3608,vomit_30,1278,VOMIT
3609,vomit_31,1278,VOMIT
3610,vomit_4,1278,VOMIT
3611,vomit_5,1278,VOMIT
3612,vomit_6,1278,VOMIT
3613,vomit_7,1278,VOMIT
3614,vomit_8,1278,VOMIT
3615,vomit_9,1278,VOMIT
3616,walk_1,1443,WALK
3617,walk_10,1443,WALK
3618,walk_11,1443,WALK
3619,walk_12,1443,WALK
3620,walk_13,1443,WALK
3621,walk_14,1443,WALK
3622,walk_15,1443,WALK
3623,walk_16,1443,WALK
3624,walk_17,1443,WALK
3625,walk_18,1443,WALK
3626,walk_19,1443,WALK
3627,walk_2,1443,WALK
3628,walk_20,1443,WALK
3629,walk_21,1443,WALK
3630,walk_22,1443,WALK
3631,walk_23,1443,WALK
3632,walk_24,1443,WALK
3633,walk_25,1443,WALK
3634,walk_26,1443,WALK
3635,walk_27,1443,WALK
3636,walk_28,1443,WALK
3637,walk_29,1443,WALK
3638,walk_3,1443,WALK
3639,walk_30,1443,WALK
3640,walk_31,1443,WALK
3641,walk_32,1443,WALK
3642,walk_33,1443,WALK
3643,walk_34,1443,WALK
3644,walk_35,1443,WALK
3645,walk_36,1443,WALK
3646,walk_37,1443,WALK
3647,walk_38,1443,WALK
3648,walk_39,1443,WALK
3649,walk_4,1443,WALK
3650,walk_40,1443,WALK
3651,walk_41,1443,WALK
3652,walk_42,1443,WALK
3653,walk_43,1443,WALK
3654,walk_44,1443,WALK
3655,walk_45,1443,WALK
3656,walk_46,1443,WALK
3657,walk_47,1443,WALK
3658,walk_48,1443,WALK
3659,walk_49,1443,WALK
3660,walk_5,1443,WALK
3661,walk_50,1443,WALK
3662,walk_51,1443,WALK
3663,walk_52,1443,WALK
3664,walk_53,1443,WALK
3665,walk_6,1443,WALK
3666,walk_7,1443,WALK
3667,walk_8,1443,WALK
3668,walk_9,1443,WALK
3669,war_1,935,WAR
3670,war_10,935,WAR
3671,war_11,935,WAR
3672,war_12,935,WAR
3673,war_13,935,WAR
3674,war_14,935,WAR
3675,war_15,935,WAR
3676,war_16,935,WAR
3677,war_17,935,WAR
3678,war_18,935,WAR
3679,war_19,935,WAR
3680,war_2,935,WAR
3681,war_20,935,WAR
3682,war_21,935,WAR
3683,war_22,935,WAR
3684,war_23,935,WAR
3685,war_24,935,WAR
3686,war_25,935,WAR
3687,war_26,935,WAR
3688,war_27,935,WAR
3689,war_28,935,WAR
3690,war_29,935,WAR
3691,war_3,935,WAR
3692,war_30,935,WAR
3693,war_31,935,WAR
3694,war_32,935,WAR
3695,war_33,935,WAR
3696,war_34,935,WAR
3697,war_35,935,WAR
3698,war_36,935,WAR
3699,war_37,935,WAR
3700,war_38,935,WAR
3701,war_39,935,WAR
3702,war_4,935,WAR
3703,war_40,935,WAR
3704,war_41,935,WAR
3705,war_42,935,WAR
3706,war_43,935,WAR
3707,war_44,935,WAR
3708,war_45,935,WAR
3709,war_46,935,WAR
3710,war_47,935,WAR
3711,war_48,935,WAR
3712,war_5,935,WAR
3713,war_6,935,WAR
3714,war_7,935,WAR
3715,war_8,935,WAR
3716,war_9,935,WAR
3717,water_1,948,WATER
3718,water_10,948,WATER
3719,water_11,948,WATER
3720,water_12,948,WATER
3721,water_13,948,WATER
3722,water_14,948,WATER
3723,water_15,948,WATER
3724,water_16,948,WATER
3725,water_17,948,WATER
3726,water_18,948,WATER
3727,water_19,948,WATER
3728,water_2,948,WATER
3729,water_20,948,WATER
3730,water_21,948,WATER
3731,water_22,948,WATER
3732,water_23,948,WATER
3733,water_24,948,WATER
3734,water_25,948,WATER
3735,water_26,948,WATER
3736,water_27,948,WATER
3737,water_28,948,WATER
3738,water_29,948,WATER
3739,water_3,948,WATER
3740,water_30,948,WATER
3741,water_31,948,WATER
3742,water_32,948,WATER
3743,water_33,948,WATER
3744,water_34,948,WATER
3745,water_35,948,WATER
3746,water_36,948,WATER
3747,water_37,948,WATER
3748,water_38,948,WATER
3749,water_4,948,WATER
3750,water_5,948,WATER
3751,water_6,948,WATER
3752,water_7,948,WATER
3753,water_8,948,WATER
3754,water_9,948,WATER
3755,wind_1,960,WIND
3756,wind_10,960,WIND
3757,wind_11,960,WIND
3758,wind_12,960,WIND
3759,wind_13,960,WIND
3760,wind_14,960,WIND
3761,wind_15,960,WIND
3762,wind_16,960,WIND
3763,wind_17,960,WIND
3764,wind_18,960,WIND
3765,wind_19,960,WIND
3766,wind_2,960,WIND
3767,wind_20,960,WIND
3768,wind_21,960,WIND
3769,wind_22,960,WIND
3770,wind_23,960,WIND
3771,wind_24,960,WIND
3772,wind_25,960,WIND
3773,wind_26,960,WIND
3774,wind_27,960,WIND
3775,wind_28,960,WIND
3776,wind_29,960,WIND
3777,wind_3,960,WIND
3778,wind_30,960,WIND
3779,wind_31,960,WIND
3780,wind_32,960,WIND
3781,wind_33,960,WIND
3782,wind_34,960,WIND
3783,wind_35,960,WIND
3784,wind_36,960,WIND
3785,wind_37,960,WIND
3786,wind_38,960,WIND
3787,wind_39,960,WIND
3788,wind_4,960,WIND
3789,wind_40,960,WIND
3790,wind_41,960,WIND
3791,wind_42,960,WIND
3792,wind_43,960,WIND
3793,wind_44,960,WIND
3794,wind_45,960,WIND
3795,wind_46,960,WIND
3796,wind_47,960,WIND
3797,wind_48,960,WIND
3798,wind_5,960,WIND
3799,wind_6,960,WIND
3800,wind_7,960,WIND
3801,wind_8,960,WIND
3802,wind_9,960,WIND
3803,woman_1,962,WOMAN
3804,woman_10,962,WOMAN
3805,woman_11,962,WOMAN
3806,woman_12,962,WOMAN
3807,woman_13,962,WOMAN
3808,woman_14,962,WOMAN
3809,woman_15,962,WOMAN
3810,woman_16,962,WOMAN
3811,woman_17,962,WOMAN
3812,woman_18,962,WOMAN
3813,woman_19,962,WOMAN
3814,woman_2,962,WOMAN
3815,woman_20,962,WOMAN
3816,woman_21,962,WOMAN
3817,woman_22,962,WOMAN
3818,woman_23,962,WOMAN
3819,woman_24,962,WOMAN
3820,woman_25,962,WOMAN
3821,woman_26,962,WOMAN
3822,woman_27,962,WOMAN
3823,woman_28,962,WOMAN
3824,woman_29,962,WOMAN
3825,woman_3,962,WOMAN
3826,woman_30,962,WOMAN
3827,woman_31,962,WOMAN
3828,woman_32,962,WOMAN
3829,woman_33,962,WOMAN
3830,woman_34,962,WOMAN
3831,woman_35,962,WOMAN
3832,woman_36,962,WOMAN
3833,woman_37,962,WOMAN
3834,woman_38,962,WOMAN
3835,woman_39,962,WOMAN
3836,woman_4,962,WOMAN
3837,woman_40,962,WOMAN
3838,woman_41,962,WOMAN
3839,woman_42,962,WOMAN
3840,woman_43,962,WOMAN
3841,woman_44,962,WOMAN
3842,woman_45,962,WOMAN
3843,woman_46,962,WOMAN
3844,woman_47,962,WOMAN
3845,woman_48,962,WOMAN
3846,woman_49,962,WOMAN
3847,woman_5,962,WOMAN
3848,woman_50,962,WOMAN
3849,woman_51,962,WOMAN
3850,woman_52,962,WOMAN
3851,woman_53,962,WOMAN
3852,woman_54,962,WOMAN
3853,woman_55,962,WOMAN
3854,woman_56,962,WOMAN
3855,woman_57,962,WOMAN
3856,woman_6,962,WOMAN
3857,woman_7,962,WOMAN
3858,woman_8,962,WOMAN
3859,woman_9,962,WOMAN
